Workload_ID,    App_ID,SubmitTime,Pr:CPUTime,ResponseTime,
#======================================
#Number of workloads:99
#Timeout workloads:0
#Timeout workloads per cent:0
#Over workloads:0
#Over workloads per cent:0
#Number of Cloudlets:99
#Over Cloudlets:0
#Over Cloudlets per cent:0
#Number of transmissions:0
#Over transmissions:0
#======================================
#Total serve time:2711881.7289999994
#CPU serve time:2711881.7289999994
#Network serve time:0.0
#Average total serve time:27392.74473737373
#Average CPU serve time per workload:27392.74473737373
#Average network serve time per workload:0.0
#Average CPU serve time per Cloudlet:27392.74473737373
#======================================
1200.0
1200.0
2280.0
2280.0
3360.0
3360.0
4440.0
4440.0
5520.019
5520.019
6600.019
6600.019
7680.019
7680.019
8760.019
8760.019
9840.019
9840.019
10920.019
10920.019
12000.019
12000.019
13080.019
13080.019
14160.019
14160.019
15240.019
15240.019
16320.019
16320.019
17400.019
17400.019
18480.019
18480.019
19560.019
19560.019
20640.019
20640.019
21720.019
21720.019
22800.019
22800.019
23880.019
23880.019
24960.019
24960.019
26040.019
26040.019
27120.019
27120.019
28200.019
28200.019
29280.019
29280.019
30360.019
30360.019
31440.019
31440.019
32520.019000000008
32520.019000000008
33600.019
33600.019
34680.019
34680.019
35760.019
35760.019
36840.019
36840.019
37920.019
37920.019
39000.019
39000.019
40080.019
40080.019
41160.019
41160.019
42240.019
42240.019
43320.019
43320.019
44400.019
44400.019
45480.019
45480.019
46560.019
46560.019
47640.019
47640.019
48720.019
48720.019
49800.019
49800.019
50880.019
50880.019
51960.019
51960.019
53040.019
53040.019
54120.019
