Workload_ID,    App_ID,SubmitTime,Pr:CPUTime,ResponseTime,
#======================================
#Number of workloads:41
#Timeout workloads:1390
#Timeout workloads per cent:0
#Over workloads:0
#Over workloads per cent:0
#Number of Cloudlets:41
#Over Cloudlets:0
#Over Cloudlets per cent:0
#Number of transmissions:0
#Over transmissions:0
#======================================
#Total serve time:840.8255623018671
#CPU serve time:840.8255623018671
#Network serve time:0.0
#Average total serve time:20.507940543947978
#Average CPU serve time per workload:20.507940543947978
#Average network serve time per workload:0.0
#Average CPU serve time per Cloudlet:20.507940543947978
#======================================
13.61980000000004
14.039499999999975
14.459799999999888
14.879999999999313
15.299699999999063
15.71990000000011
16.138800000000344
16.55849999999981
16.979999999993538
17.399700000000053
17.81988815699799
18.24000000000001
18.65999999999167
19.079900000000066
19.498899999997548
19.918300000000613
20.338999999990847
20.759399999989
21.179699999991044
21.59974255899897
21.83980368499647
22.079923515991823
22.319999999988795
22.55979999998749
22.799699999997756
23.039699999987533
23.279799999989564
23.519799999989345
23.759499999990567
23.999645118998387
23.939935834996277
23.81970320999085
23.759773150994533
23.699900000027355
23.639999999993506
23.57999999999265
23.51990000001024
23.45959999999559
23.39924512000107
23.33953583799712
23.27976611200029
