Workload_ID,    App_ID,SubmitTime,Pr:CPUTime,ResponseTime,
#======================================
#Number of workloads:53
#Timeout workloads:1378
#Timeout workloads per cent:0
#Over workloads:0
#Over workloads per cent:0
#Number of Cloudlets:53
#Over Cloudlets:0
#Over Cloudlets per cent:0
#Number of transmissions:0
#Over transmissions:0
#======================================
#Total serve time:1476.2181426028828
#CPU serve time:1476.2181426028828
#Network serve time:0.0
#Average total serve time:27.853172501941184
#Average CPU serve time per workload:27.853172501941184
#Average network serve time per workload:0.0
#Average CPU serve time per Cloudlet:27.853172501941184
#======================================
27.3583000000003
26.519999999999925
25.679799999999943
24.839299999999525
23.99969999999871
23.159800000000075
22.319800000000555
21.479799999999898
20.639799999992874
19.799700000000144
19.919688156997495
20.039999999999964
20.159999999990873
20.279800000000137
20.398299999997448
20.518300000000636
20.639499999990676
20.759399999989
20.879699999991317
20.99974255899906
22.07980368499625
23.159375051997813
24.23899999998821
25.319799999987026
26.399699999997438
27.47979999998688
28.559699999989334
29.639999999989186
30.719899999990048
31.79954511899905
32.99944351599788
34.19940017099589
35.39957153799742
36.5994731509918
37.80000000002974
38.99989999999116
40.19989999999143
41.399400000010246
42.59999999999491
43.79942048000112
41.63945010499947
30.7196472060009
37.31943263700305
35.15958335700452
32.99993407500642
30.839766807004253
28.679599999989478
26.519800000016858
24.359299999996438
22.199645119998877
23.099835836997045
23.999000172997512
24.89958385799673
