Workload_ID,    App_ID,SubmitTime,Pr:CPUTime,ResponseTime,
#======================================
#Number of workloads:51
#Timeout workloads:1380
#Timeout workloads per cent:0
#Over workloads:0
#Over workloads per cent:0
#Number of Cloudlets:51
#Over Cloudlets:0
#Over Cloudlets per cent:0
#Number of transmissions:0
#Over transmissions:0
#======================================
#Total serve time:918.9915901339114
#CPU serve time:918.9915901339114
#Network serve time:0.0
#Average total serve time:18.019442943802183
#Average CPU serve time per workload:18.019442943802183
#Average network serve time per workload:0.0
#Average CPU serve time per Cloudlet:18.019442943802183
#======================================
12.479800000000012
12.360000000000014
12.259299999999854
12.119499999999306
12.019199999998989
11.899100000000033
11.75970000000018
11.639699999999664
11.519899999994664
11.399999999999977
12.179688156999077
12.960000000000036
13.739899999992872
14.519999999999982
15.299699999998097
16.079800000000432
16.859699999992245
17.659399999989773
18.41989999999214
19.199742558999333
19.919703684996875
20.63992351599245
21.35999999998944
22.0797999999877
22.799699999997756
23.51969999998755
24.2397999999896
24.959899999989148
25.67989999999054
26.39964511899825
12.527915835998783
23.039589113996954
21.359703209991267
19.67917315099521
17.99970000002213
16.339399999998477
14.639899999997397
12.959200000015699
11.279699999999593
9.599999999998545
11.899381777000144
14.15950655700044
16.439857276997373
18.719500522004182
20.999564211010693
23.279766807006126
25.559499999990294
27.83930000001692
30.119699999996556
32.39954511999986
30.17958351599873
