Workload_ID,    App_ID,SubmitTime,Pr:CPUTime,ResponseTime,
#======================================
#Number of workloads:51
#Timeout workloads:1380
#Timeout workloads per cent:0
#Over workloads:0
#Over workloads per cent:0
#Number of Cloudlets:51
#Over Cloudlets:0
#Over Cloudlets per cent:0
#Number of transmissions:0
#Over transmissions:0
#======================================
#Total serve time:2326.727731059838
#CPU serve time:2326.727731059838
#Network serve time:0.0
#Average total serve time:45.62211237372231
#Average CPU serve time per workload:45.62211237372231
#Average network serve time per workload:0.0
#Average CPU serve time per Cloudlet:45.62211237372231
#======================================
46.79980000000032
46.79989999999998
46.79980000000006
46.79989999999964
46.79989999999873
46.79990000000038
46.799900000000775
46.79940000000022
46.79969999999116
46.799507677999486
46.619788156995355
46.439900000000875
46.259899999989216
46.08000000000004
45.8996999999963
45.71990000000062
45.53979999998887
45.35979999998585
45.17979999999034
43.199007677999134
44.93973839599721
44.87997505199587
44.81979999998839
44.75999999998521
44.69969999999671
44.6397999999856
44.57989999998904
44.519899999987956
44.4598999999896
44.3994927979993
44.519591194998156
44.63985488099752
44.759971537997444
44.879873150990534
45.000000000000455
45.119699999990644
45.23989999999094
45.35980000000973
45.479999999995016
45.5994204800013
45.659131196999624
45.7198819170012
45.77936191600247
45.83959103600455
45.89953254000602
45.95966680700349
46.01999999998907
46.079800000014075
46.13989999999467
46.199613448000036
45.839631194998674
