Workload_ID,    App_ID,SubmitTime,Pr:CPUTime,ResponseTime,
#======================================
#Number of workloads:41
#Timeout workloads:1390
#Timeout workloads per cent:0
#Over workloads:0
#Over workloads per cent:0
#Number of Cloudlets:41
#Over Cloudlets:0
#Over Cloudlets per cent:0
#Number of transmissions:0
#Over transmissions:0
#======================================
#Total serve time:1788.97145572782
#CPU serve time:1788.97145572782
#Network serve time:0.0
#Average total serve time:43.63345013970293
#Average CPU serve time per workload:43.63345013970293
#Average network serve time per workload:0.0
#Average CPU serve time per Cloudlet:43.63345013970293
#======================================
23.699800000000238
24.59999999999991
25.499799999999937
26.399899999999548
27.31929999999869
28.19980000000021
29.09980000000064
29.999799999999993
30.899699999991753
31.799942558999646
34.13968815699616
36.4799000000005
38.81989999998939
41.15999999999997
43.499699999996324
45.839900000000625
48.17929999998887
50.5195999999853
52.85979999998972
55.19980767799848
54.719513754997706
54.23997505199509
53.75999999998794
53.279999999984966
52.79999999999586
52.31979999998521
51.8398999999888
51.35989999998742
50.87989999998945
50.399992797999175
27.719043515998237
50.6396644739973
50.759502910996844
50.87987315099099
51.00000000000091
51.119699999990644
51.239899999991394
51.35980000001018
51.47999999999456
51.5999204800014
51.359631197
