Workload_ID,    App_ID,SubmitTime,Pr:CPUTime,ResponseTime,
#======================================
#Number of workloads:52
#Timeout workloads:1379
#Timeout workloads per cent:0
#Over workloads:0
#Over workloads per cent:0
#Number of Cloudlets:52
#Over Cloudlets:0
#Over Cloudlets per cent:0
#Number of transmissions:0
#Over transmissions:0
#======================================
#Total serve time:1115.9270028998953
#CPU serve time:1115.9270028998953
#Network serve time:0.0
#Average total serve time:21.460134671151835
#Average CPU serve time per workload:21.460134671151835
#Average network serve time per workload:0.0
#Average CPU serve time per Cloudlet:21.460134671151835
#======================================
20.39980000000017
20.41939999999991
20.419200000000018
20.419299999999396
20.419199999998966
20.39979999999997
20.399800000000482
20.41929999999985
20.39979999999298
20.399700000000166
20.51968815699729
20.639999999999986
20.759999999990782
20.879599999999982
20.99979999999732
21.120000000000573
21.239999999990232
21.359899999988556
21.47969999999077
21.59974255899897
21.719803684996577
21.83992351599204
21.959999999989122
22.0797999999877
22.199699999997847
22.319699999987733
22.439799999989418
22.559799999989764
22.679999999990514
22.79964511899857
12.239515835998873
22.919589113997063
22.979703209991158
23.039773150995188
23.09990000002699
23.159999999993943
23.21999999999298
23.279900000010457
23.3395999999957
23.419245120001506
23.099935837997236
22.799906556998394
22.499664957002096
22.19982755300316
21.899964211011593
21.5997668070072
21.299899999992704
20.999900000018442
20.699799999998504
20.39964511999915
20.279835836998245
20.159726552999018
