Workload_ID,    App_ID,SubmitTime,Pr:CPUTime,ResponseTime,
#======================================
#Number of workloads:49
#Timeout workloads:1382
#Timeout workloads per cent:0
#Over workloads:0
#Over workloads per cent:0
#Number of Cloudlets:49
#Over Cloudlets:0
#Over Cloudlets per cent:0
#Number of transmissions:0
#Over transmissions:0
#======================================
#Total serve time:778.9257929499254
#CPU serve time:778.9257929499254
#Network serve time:0.0
#Average total serve time:15.89644475408011
#Average CPU serve time per workload:15.89644475408011
#Average network serve time per workload:0.0
#Average CPU serve time per Cloudlet:15.89644475408011
#======================================
17.339800000000096
17.279899999999884
17.219799999999964
17.159599999999386
17.1192999999991
17.059200000000146
16.979800000000353
16.91999999999979
16.859999999993647
16.79970000000003
16.759388156998284
16.699499999999944
16.619899999992185
16.559999999999945
16.51869999999792
16.439800000000446
16.379699999992226
16.31999999999016
16.25989999999274
14.399999999997817
16.01970368499792
15.839723515994137
15.659899999991012
15.479799999990519
15.299799999997958
15.119799999990391
14.939799999991465
14.75969999999279
14.599299999992809
14.399999999997817
14.459915835998572
14.519686552996063
14.579603209994275
14.63989999999285
14.69970000001831
14.759899999998197
14.819899999997233
14.879700000014054
14.939699999999448
14.999645119999968
15.25953583800083
15.479906556999595
15.719857276998027
15.959830245003104
16.199830149005265
16.439366807005626
16.67939999999453
16.91950000001907
17.15939999999955
