Workload_ID,    App_ID,SubmitTime,Pr:CPUTime,ResponseTime,
#======================================
#Number of workloads:39
#Timeout workloads:1392
#Timeout workloads per cent:0
#Over workloads:0
#Over workloads per cent:0
#Number of Cloudlets:39
#Over Cloudlets:0
#Over Cloudlets per cent:0
#Number of transmissions:0
#Over transmissions:0
#======================================
#Total serve time:773.7313211378869
#CPU serve time:773.7313211378869
#Network serve time:0.0
#Average total serve time:19.8392646445612
#Average CPU serve time per workload:19.8392646445612
#Average network serve time per workload:0.0
#Average CPU serve time per Cloudlet:19.8392646445612
#======================================
23.639800000000236
23.899499999999932
24.119899999999944
24.35969999999952
24.599699999998734
24.83980000000014
25.079800000000603
25.319999999999936
25.559699999992063
25.79970000000037
24.479288156996404
23.159999999999968
21.839999999990482
20.51959999999997
19.218899999997575
17.8798000000005
16.559699999992063
15.239999999990914
13.919699999993554
12.59999999999809
13.019910715997412
13.439723515994729
13.85989999999174
14.279799999991155
14.69979999999805
15.119799999990391
15.539799999991146
15.959699999992381
16.37969999999268
14.399999999997817
17.759935834997805
18.719686552994062
19.67960320999191
20.63967315099626
21.599900000026082
22.55999999999449
23.519999999992706
24.479800000010528
25.439999999994598
