Workload_ID,    App_ID,SubmitTime,Pr:CPUTime,ResponseTime,
#======================================
#Number of workloads:41
#Timeout workloads:1390
#Timeout workloads per cent:0
#Over workloads:0
#Over workloads per cent:0
#Number of Cloudlets:41
#Over Cloudlets:0
#Over Cloudlets per cent:0
#Number of transmissions:0
#Over transmissions:0
#======================================
#Total serve time:748.666009675922
#CPU serve time:748.666009675922
#Network serve time:0.0
#Average total serve time:18.260146577461512
#Average CPU serve time per workload:18.260146577461512
#Average network serve time per workload:0.0
#Average CPU serve time per Cloudlet:18.260146577461512
#======================================
24.299800000000246
21.599899999999906
18.899800000000027
16.199999999999363
13.499699999998995
10.799599999999998
8.099700000000155
5.399699999999882
2.6994999999988067
0.009999999999990905
0.25949999999977535
0.4995000000000118
0.7199999999997999
0.97950000000003
1.2194999999998117
1.4400000000000546
1.6797999999990907
1.9199999999987085
2.1794999999990523
2.399999999999636
5.699699999995801
8.999523515996998
12.299699999991844
15.599299999990535
18.899299999997766
22.19919999998774
25.49929999998949
28.799499999989166
32.09939999998983
35.39994511899886
23.747935834996497
36.47968675899733
37.01957153799731
37.55997315099148
38.10000000002992
38.639899999991485
39.17989999999145
39.73940000000994
40.259999999995216
40.79979024000022
36.839983517999826
