Workload_ID,    App_ID,SubmitTime,Pr:CPUTime,ResponseTime,
#======================================
#Number of workloads:53
#Timeout workloads:1378
#Timeout workloads per cent:0
#Over workloads:0
#Over workloads per cent:0
#Number of Cloudlets:53
#Over Cloudlets:0
#Over Cloudlets per cent:0
#Number of transmissions:0
#Over transmissions:0
#======================================
#Total serve time:1152.7671031068867
#CPU serve time:1152.7671031068867
#Network serve time:0.0
#Average total serve time:21.75032270012994
#Average CPU serve time per workload:21.75032270012994
#Average network serve time per workload:0.0
#Average CPU serve time per Cloudlet:21.75032270012994
#======================================
22.799800000000218
22.79989999999995
22.799999999999926
22.799799999999493
22.799199999998677
22.79980000000006
22.799800000000573
22.799799999999948
22.799799999992274
22.799700000000257
22.79968815699658
22.799999999999955
22.799999999990177
22.799999999999955
22.79979999999705
22.799999999999955
22.799999999989723
22.79989999998793
22.799699999990708
22.799742558998787
22.439803684995923
22.079923515991823
21.719999999989113
21.359399999988227
20.999199999997927
20.639299999988452
20.279699999990044
19.9196999999906
19.559699999991608
19.199645118999115
10.619788805998724
19.799686552993535
20.099203209991856
20.399673150996477
20.699500000024273
20.999999999995907
21.299599999993916
21.59990000001153
21.899999999995998
22.19924512000034
22.199935837998055
22.19990655699894
22.19966495700237
22.19982755300316
22.199964211011775
22.19976680700711
22.199899999991885
22.199900000017806
22.19979999999714
22.199645119998877
22.25983583699781
22.319726552998418
22.379829797995626
