Workload_ID,    App_ID,SubmitTime,Pr:CPUTime,ResponseTime,
#======================================
#Number of workloads:39
#Timeout workloads:1392
#Timeout workloads per cent:0
#Over workloads:0
#Over workloads per cent:0
#Number of Cloudlets:39
#Over Cloudlets:0
#Over Cloudlets per cent:0
#Number of transmissions:0
#Over transmissions:0
#======================================
#Total serve time:1318.5125272488262
#CPU serve time:1318.5125272488262
#Network serve time:0.0
#Average total serve time:33.80801351920067
#Average CPU serve time per workload:33.80801351920067
#Average network serve time per workload:0.0
#Average CPU serve time per Cloudlet:33.80801351920067
#======================================
34.49980000000032
34.79989999999998
35.099800000000045
35.399899999999604
35.699899999998706
36.019400000000246
36.29990000000066
36.59980000000007
36.89969999999164
37.19994255899985
35.819688156995994
34.43990000000042
33.05989999998951
31.67999999999995
30.299699999996506
28.91990000000021
27.539799999989327
26.1597999999874
24.7797999999907
23.399742558998696
24.83980368499556
26.27977505199715
27.719799999988254
29.159999999986894
30.599899999997206
32.03979999998637
33.47969999998918
34.919899999988274
36.359899999989466
23.999645118998387
38.33994351599745
38.87974191299713
39.4199715379973
39.959873150990916
40.5
41.03929999999082
41.57939999999144
42.119800000009946
42.65999999999485
