Workload_ID,    App_ID,SubmitTime,Pr:CPUTime,ResponseTime,
#======================================
#Number of workloads:39
#Timeout workloads:1392
#Timeout workloads per cent:0
#Over workloads:0
#Over workloads per cent:0
#Number of Cloudlets:39
#Over Cloudlets:0
#Over Cloudlets per cent:0
#Number of transmissions:0
#Over transmissions:0
#======================================
#Total serve time:912.3324184428627
#CPU serve time:912.3324184428627
#Network serve time:0.0
#Average total serve time:23.39313893443238
#Average CPU serve time per workload:23.39313893443238
#Average network serve time per workload:0.0
#Average CPU serve time per Cloudlet:23.39313893443238
#======================================
25.019800000000274
24.839999999999918
24.659799999999933
24.479299999999512
24.29929999999871
24.11980000000011
23.939800000000616
23.759999999999934
23.579799999992247
23.39970000000028
23.39968815699649
23.399999999999977
23.399999999990087
23.399999999999977
23.399799999996958
23.419599999999946
23.399999999989404
23.39989999998761
23.39969999999039
14.399999999997817
23.479303684995784
23.51977505199784
23.57999999998833
23.63979999998719
23.69969999999762
23.759699999987333
23.819799999989527
23.879799999989245
23.93989999999053
23.999645118998387
23.819935834996386
23.639794233997236
23.45970320999095
23.27977315099497
23.09990000002699
22.91999999999416
22.739999999993415
22.559900000011112
22.37999999999556
