Workload_ID,    App_ID,SubmitTime,Pr:CPUTime,ResponseTime,
#======================================
#Number of workloads:49
#Timeout workloads:1382
#Timeout workloads per cent:0
#Over workloads:0
#Over workloads per cent:0
#Number of Cloudlets:49
#Over Cloudlets:0
#Over Cloudlets per cent:0
#Number of transmissions:0
#Over transmissions:0
#======================================
#Total serve time:1923.367156995874
#CPU serve time:1923.367156995874
#Network serve time:0.0
#Average total serve time:39.25239095909947
#Average CPU serve time per workload:39.25239095909947
#Average network serve time per workload:0.0
#Average CPU serve time per Cloudlet:39.25239095909947
#======================================
37.49980000000032
38.399899999999974
39.29980000000006
40.199899999999616
41.09989999999874
41.99990000000031
42.89990000000074
43.79980000000023
44.69969999999137
45.61950767799942
45.41978815699554
45.23990000000083
45.0598999999894
44.879999999999995
44.69969999999637
44.519900000000575
44.33979999998883
44.159799999986035
43.97979999999029
43.819007677999025
43.67973839599745
43.55997505199616
43.43979999998851
43.319999999985384
43.19969999999671
43.07979999998565
42.95989999998915
42.83989999998789
42.71989999998959
42.5998204779994
41.45959119499821
40.31935488099748
39.17997153799729
38.0399731509915
36.90000000002965
35.759899999991376
34.61989999999196
33.47980000000962
32.33999999999514
17.399645119999605
31.199983517999954
31.19964720600092
31.199664957001005
31.21668710900485
31.219534075006322
31.199766807003925
31.19999999998936
31.199800000015784
31.199699999996483
