Workload_ID,    App_ID,SubmitTime,Pr:CPUTime,ResponseTime,
#======================================
#Number of workloads:51
#Timeout workloads:1380
#Timeout workloads per cent:0
#Over workloads:0
#Over workloads per cent:0
#Number of Cloudlets:51
#Over Cloudlets:0
#Over Cloudlets per cent:0
#Number of transmissions:0
#Over transmissions:0
#======================================
#Total serve time:2582.670231991838
#CPU serve time:2582.670231991838
#Network serve time:0.0
#Average total serve time:50.64059278415369
#Average CPU serve time per workload:50.64059278415369
#Average network serve time per workload:0.0
#Average CPU serve time per Cloudlet:50.64059278415369
#======================================
52.67980000000033
51.959899999999976
51.23980000000006
50.519899999999666
49.79989999999873
49.07990000000035
48.35990000000078
47.63990000000024
46.91969999999117
46.19950767799946
45.89978815699544
45.599900000000844
45.29989999998941
45.0
44.69969999999637
44.39990000000057
44.09979999998882
43.799799999986135
43.49979999999027
43.199007677999134
44.57973839599731
45.9599750519958
47.33879999998817
48.71999999998525
50.09999999999627
51.47979999998529
52.859899999988784
54.238899999987325
55.61889999998948
56.999340477998885
44.387591194998095
56.159468498997285
55.738502910996885
55.31887315099084
54.900000000001
54.47969999999077
54.0598999999911
53.63980000001038
53.21999999999434
52.79992048000122
53.09963119699978
53.39902143600102
53.699052193003354
53.999468851005076
54.29953254000611
54.59966680700336
54.89979999998968
55.200000000013915
55.499999999995
55.7996134480004
55.67953184499811
