Workload_ID,    App_ID,SubmitTime,Pr:CPUTime,ResponseTime,
#======================================
#Number of workloads:41
#Timeout workloads:1390
#Timeout workloads per cent:0
#Over workloads:0
#Over workloads per cent:0
#Number of Cloudlets:41
#Over Cloudlets:0
#Over Cloudlets per cent:0
#Number of transmissions:0
#Over transmissions:0
#======================================
#Total serve time:835.36504899088
#CPU serve time:835.36504899088
#Network serve time:0.0
#Average total serve time:20.37475729246049
#Average CPU serve time per workload:20.37475729246049
#Average network serve time per workload:0.0
#Average CPU serve time per Cloudlet:20.37475729246049
#======================================
11.839000000000013
12.840000000000003
13.87879999999987
14.879999999999313
15.899699999999086
16.93920000000014
17.93980000000039
18.97899999999987
19.998799999993025
20.99970000000019
22.139688156996954
23.279999999999973
24.41999999999007
25.56000000000006
26.69989999999666
27.858900000000176
28.979799999989154
30.119899999986956
31.25969999999029
32.39988767799878
30.419738395997683
28.43997505199718
26.459799999988263
24.479799999987108
22.4996999999978
20.51929999998856
18.53929999999059
16.559299999991936
14.579299999992827
12.59999999999809
12.239515835998873
14.0396865529965
14.759603209994111
15.47967315099686
16.19970000001922
16.919899999998506
17.639899999996032
18.35980000001291
19.0796999999975
19.79964511999924
18.839935837999292
