Workload_ID,    App_ID,SubmitTime,Pr:CPUTime,ResponseTime,
#======================================
#Number of workloads:39
#Timeout workloads:1392
#Timeout workloads per cent:0
#Over workloads:0
#Over workloads per cent:0
#Number of Cloudlets:39
#Over Cloudlets:0
#Over Cloudlets per cent:0
#Number of transmissions:0
#Over transmissions:0
#======================================
#Total serve time:547.2319209569132
#CPU serve time:547.2319209569132
#Network serve time:0.0
#Average total serve time:14.031587716843928
#Average CPU serve time per workload:14.031587716843928
#Average network serve time per workload:0.0
#Average CPU serve time per Cloudlet:14.031587716843928
#======================================
17.4598000000001
16.919499999999886
16.37979999999996
15.83999999999935
15.299699999999063
14.759900000000073
14.219800000000248
13.69929999999971
13.139999999994188
12.600000000000023
12.839688156999046
13.080000000000041
13.319899999992913
13.559700000000362
13.819199999998204
14.039800000000355
14.279799999992747
14.519999999991342
14.759699999993245
14.399999999997817
14.75970368499793
14.519723515994656
14.279899999991585
14.039799999991146
13.799799999998186
13.559999999991078
13.319799999991801
13.079799999993384
12.839799999993147
12.59999999999809
12.779915835998736
12.959686552997027
13.139603209994448
13.319899999993595
13.499700000017583
13.67989999999918
13.859899999998106
14.039700000014818
14.219700000000103
