Workload_ID,    App_ID,SubmitTime,Pr:CPUTime,ResponseTime,
#======================================
#Number of workloads:39
#Timeout workloads:1392
#Timeout workloads per cent:0
#Over workloads:0
#Over workloads per cent:0
#Number of Cloudlets:39
#Over Cloudlets:0
#Over Cloudlets per cent:0
#Number of transmissions:0
#Over transmissions:0
#======================================
#Total serve time:628.0661464258832
#CPU serve time:628.0661464258832
#Network serve time:0.0
#Average total serve time:16.104260164766234
#Average CPU serve time per workload:16.104260164766234
#Average network serve time per workload:0.0
#Average CPU serve time per Cloudlet:16.104260164766234
#======================================
9.139300000000318
9.239700000000312
9.359699999999805
9.479699999999326
9.619299999999157
9.719700000000103
9.859200000000158
9.978899999999669
10.099399999994944
10.200000000000045
11.459777916998632
12.720000000000027
13.979899999992767
15.240000000000009
16.51869999999792
17.779400000000464
19.01999999999157
20.298399999989215
21.539699999990717
22.799742558998787
22.07980368499625
21.35992351599225
20.63999999998964
19.93929999998886
19.199699999997847
18.479799999988927
17.759699999990517
17.039699999991626
16.319699999992736
14.399999999997817
16.319935834998432
17.039686552995363
17.759603209992292
18.479673150995495
19.199700000022858
19.919899999996233
20.639599999994516
21.35990000001175
22.079999999995835
