Workload_ID,    App_ID,SubmitTime,Pr:CPUTime,ResponseTime,
#======================================
#Number of workloads:39
#Timeout workloads:1392
#Timeout workloads per cent:0
#Over workloads:0
#Over workloads per cent:0
#Number of Cloudlets:39
#Over Cloudlets:0
#Over Cloudlets per cent:0
#Number of transmissions:0
#Over transmissions:0
#======================================
#Total serve time:617.5847685088958
#CPU serve time:617.5847685088958
#Network serve time:0.0
#Average total serve time:15.83550688484348
#Average CPU serve time per workload:15.83550688484348
#Average network serve time per workload:0.0
#Average CPU serve time per Cloudlet:15.83550688484348
#======================================
25.619800000000282
23.03989999999996
20.459599999999995
17.899599999999396
15.299699999999063
12.719600000000014
10.158200000000136
7.5596999999997365
4.99819999999761
2.3999999999999773
4.459399999997345
6.4992000000003145
8.519899999994664
10.579400000000192
12.619199999998273
14.639800000000378
16.67969999999218
18.719899999989366
20.759699999991426
22.799742558998787
22.07980368499625
21.35992351599225
20.63999999998964
19.93929999998886
19.199699999997847
18.479799999988927
17.759699999990517
17.039699999991626
16.319699999992736
14.399999999997817
15.899935834998587
16.199686552995672
16.499603209992983
16.81917315099645
17.11920000002101
17.39989999999807
17.699899999995978
17.999800000013238
18.29969999999821
