Workload_ID,    App_ID,SubmitTime,Pr:CPUTime,ResponseTime,
#======================================
#Number of workloads:39
#Timeout workloads:1392
#Timeout workloads per cent:0
#Over workloads:0
#Over workloads per cent:0
#Number of Cloudlets:39
#Over Cloudlets:0
#Over Cloudlets per cent:0
#Number of transmissions:0
#Over transmissions:0
#======================================
#Total serve time:590.2762685089003
#CPU serve time:590.2762685089003
#Network serve time:0.0
#Average total serve time:15.135288936125649
#Average CPU serve time per workload:15.135288936125649
#Average network serve time per workload:0.0
#Average CPU serve time per Cloudlet:15.135288936125649
#======================================
26.999800000000292
24.01949999999991
21.01959999999997
17.999999999999375
14.999699999999052
12.019100000000037
8.999300000000176
5.9992999999998915
2.9994999999986476
0.009999999999990905
1.6796999999987747
3.3792000000001963
5.039899999996919
6.739500000000021
8.399699999998916
10.079800000000205
11.759799999993447
13.43999999999187
15.119699999993145
16.799742558999696
16.859703684997612
16.939223515993945
16.99949999999035
17.039899999989757
17.119399999997768
17.159299999989344
17.23919999999066
17.279699999991635
17.339699999992263
14.399999999997817
18.239935834997596
19.079686552993962
19.919203209991792
20.75927315099625
21.599900000026082
22.439999999994598
23.279999999992924
24.1198000000104
24.959999999995034
