Workload_ID,    App_ID,SubmitTime,Pr:CPUTime,ResponseTime,
#======================================
#Number of workloads:42
#Timeout workloads:1389
#Timeout workloads per cent:0
#Over workloads:0
#Over workloads per cent:0
#Number of Cloudlets:42
#Over Cloudlets:0
#Over Cloudlets per cent:0
#Number of transmissions:0
#Over transmissions:0
#======================================
#Total serve time:1764.317626778857
#CPU serve time:1764.317626778857
#Network serve time:0.0
#Average total serve time:42.00756254235374
#Average CPU serve time per workload:42.00756254235374
#Average network serve time per workload:0.0
#Average CPU serve time per Cloudlet:42.00756254235374
#======================================
46.49980000000032
46.199899999999985
45.899800000000056
45.59989999999959
45.29989999999873
44.99990000000031
44.69990000000075
44.399800000000255
44.099699999991344
43.81900767799948
43.73978815699559
43.67990000000077
43.61989999998934
43.56000000000006
43.499699999996324
43.439900000000534
43.37979999998879
43.31979999998612
43.259799999990264
43.219007677999116
43.01973839599759
42.83997505199636
42.659799999988536
42.479999999985466
42.29969999999685
42.119799999985844
41.939899999989166
41.759899999987965
41.57989999998949
41.39994511899863
28.787343515998145
40.55935488099749
40.139071537997324
39.719473150991234
39.30000000002974
38.87989999999127
38.45989999999165
38.03980000000956
37.619599999995444
37.199790240000766
38.15998351799999
39.11954785500075
