Workload_ID,    App_ID,SubmitTime,Pr:CPUTime,ResponseTime,
#======================================
#Number of workloads:41
#Timeout workloads:1390
#Timeout workloads per cent:0
#Over workloads:0
#Over workloads per cent:0
#Number of Cloudlets:41
#Over Cloudlets:0
#Over Cloudlets per cent:0
#Number of transmissions:0
#Over transmissions:0
#======================================
#Total serve time:1807.3819389248504
#CPU serve time:1807.3819389248504
#Network serve time:0.0
#Average total serve time:44.08248631524025
#Average CPU serve time per workload:44.08248631524025
#Average network serve time per workload:0.0
#Average CPU serve time per Cloudlet:44.08248631524025
#======================================
51.23980000000033
51.47989999999999
51.71980000000005
51.959899999999664
52.199899999998706
52.439900000000364
52.67990000000077
52.91990000000021
53.1599999999911
43.2504127979995
52.79978815699542
52.199900000000866
51.59989999998936
51.000000000000114
50.39969999999619
49.7998000000008
49.199799999988954
48.61879999998541
47.999799999990046
47.39980767799875
45.17973839599699
42.95997505199625
40.73979999998846
38.51999999998566
36.29969999999685
34.079799999986335
31.85969999998929
29.639999999989186
27.41989999999032
25.199645118998205
27.719043515998237
30.23980017099666
32.759703209990676
35.279873150992444
37.80000000002974
40.31929999999102
42.8398999999913
45.35980000000973
47.87999999999465
50.39992048000158
50.819631197000035
