Workload_ID,    App_ID,SubmitTime,Pr:CPUTime,ResponseTime,
#======================================
#Number of workloads:52
#Timeout workloads:1379
#Timeout workloads per cent:0
#Over workloads:0
#Over workloads per cent:0
#Number of Cloudlets:52
#Over Cloudlets:0
#Over Cloudlets per cent:0
#Number of transmissions:0
#Over transmissions:0
#======================================
#Total serve time:2408.022788779832
#CPU serve time:2408.022788779832
#Network serve time:0.0
#Average total serve time:46.308130553458305
#Average CPU serve time per workload:46.308130553458305
#Average network serve time per workload:0.0
#Average CPU serve time per Cloudlet:46.308130553458305
#======================================
46.49980000000032
46.199899999999985
45.899800000000056
45.59989999999959
45.29989999999873
44.99990000000031
44.69990000000075
44.399800000000255
44.099699999991344
43.7990076779995
44.399788156995555
44.99990000000082
45.59989999998936
46.200000000000045
46.799699999996164
47.39890000000071
47.998799999988705
48.59879999998543
49.199799999989864
27.599170238999477
49.91973839599632
50.03997505199527
50.15999999998803
50.27999999998519
50.399999999996226
50.51979999998525
50.63989999998876
50.75989999998751
50.87989999998945
50.999992797999084
50.21999119499765
49.439854880997245
48.659502910996935
47.87887315099033
47.09900000000107
46.31969999999046
45.53989999999112
44.75980000000982
43.979999999995016
43.19942048000121
43.43900416600036
43.679881917001694
43.91963263700245
44.1599056050045
44.399541754005895
44.63966680700378
44.879999999989195
45.11980000001404
45.35989999999492
45.59961344800013
45.479131194998445
45.35909631299728
