Workload_ID,    App_ID,SubmitTime,Pr:CPUTime,ResponseTime,
#======================================
#Number of workloads:41
#Timeout workloads:1390
#Timeout workloads per cent:0
#Over workloads:0
#Over workloads per cent:0
#Number of Cloudlets:41
#Over Cloudlets:0
#Over Cloudlets per cent:0
#Number of transmissions:0
#Over transmissions:0
#======================================
#Total serve time:1890.7018045218203
#CPU serve time:1890.7018045218203
#Network serve time:0.0
#Average total serve time:46.11467815906879
#Average CPU serve time per workload:46.11467815906879
#Average network serve time per workload:0.0
#Average CPU serve time per Cloudlet:46.11467815906879
#======================================
46.739800000000315
46.679899999999975
46.619800000000055
46.55989999999963
46.49989999999872
46.439900000000364
46.37990000000076
46.319800000000214
46.2596999999912
46.19950767799946
46.25978815699534
46.31990000000087
46.37989999998922
46.440000000000055
46.49969999999621
46.55990000000065
46.6197999999888
46.67979999998579
46.739799999990055
46.79980767799884
46.73973839599648
46.6799750519956
46.61979999998812
46.559999999985166
46.49969999999644
46.43979999998555
46.379899999988766
46.31989999998768
46.25989999998933
46.19999279799936
34.007943515997795
46.199854880997464
46.1999715379975
46.19987315099024
46.20000000000073
46.19969999999057
46.19989999999143
46.19980000000987
46.199999999994816
46.19992048000131
46.19963119699969
