Workload_ID,    App_ID,SubmitTime,Pr:CPUTime,ResponseTime,
#======================================
#Number of workloads:39
#Timeout workloads:1392
#Timeout workloads per cent:0
#Over workloads:0
#Over workloads per cent:0
#Number of Cloudlets:39
#Over Cloudlets:0
#Over Cloudlets per cent:0
#Number of transmissions:0
#Over transmissions:0
#======================================
#Total serve time:1382.09132980886
#CPU serve time:1382.09132980886
#Network serve time:0.0
#Average total serve time:35.43823922586821
#Average CPU serve time per workload:35.43823922586821
#Average network serve time per workload:0.0
#Average CPU serve time per Cloudlet:35.43823922586821
#======================================
40.559300000000334
40.31989999999999
40.07980000000009
39.8398999999996
39.599899999998684
39.35940000000022
39.119900000000655
38.87980000000016
38.63979999999151
27.59970000000044
37.7996881569959
37.199900000000525
36.599899999989475
36.0
35.399699999996415
34.79940000000033
34.199799999988954
33.59989999998675
32.9996999999903
32.39988767799878
32.0397383959978
31.679975051996507
31.319799999988163
30.959999999986394
30.599899999997206
30.239799999986644
29.87969999998927
29.519999999989295
29.159899999990103
28.799045118999175
30.65984351599809
32.51980017099618
34.37967856899718
36.239873150992025
38.10000000002992
39.95979999999099
41.81939999999122
43.67980000000989
45.53999999999496
