Workload_ID,    App_ID,SubmitTime,Pr:CPUTime,ResponseTime,
#======================================
#Number of workloads:49
#Timeout workloads:1382
#Timeout workloads per cent:0
#Over workloads:0
#Over workloads per cent:0
#Number of Cloudlets:49
#Over Cloudlets:0
#Over Cloudlets per cent:0
#Number of transmissions:0
#Over transmissions:0
#======================================
#Total serve time:781.6728828209821
#CPU serve time:781.6728828209821
#Network serve time:0.0
#Average total serve time:15.952507812673103
#Average CPU serve time per workload:15.952507812673103
#Average network serve time per workload:0.0
#Average CPU serve time per Cloudlet:15.952507812673103
#======================================
23.879800000000245
23.75989999999996
23.639999999999958
23.51979999999952
23.39969999999869
23.27980000000008
23.159800000000587
23.039799999999957
22.91979999999228
22.799700000000257
20.639688156997295
18.480000000000018
16.319899999992344
14.159999999999968
12.019199999998364
9.839800000000196
7.679699999995364
5.539299999996501
3.378499999998212
1.199999999999818
1.0798999999994976
0.9597999999994045
0.8399999999994634
0.738999999999578
0.599999999999909
0.4799999999997908
0.35999999999989996
0.23999999999978172
0.13899999999989632
0.009999999999990905
3.439299999997729
6.859299999995528
10.259203209994894
13.679899999993268
17.11920000002101
20.519499999995787
23.939599999992424
27.359700000010434
30.7795999999953
20.39924511999925
33.11948351799947
32.03924720600071
30.959664957001223
29.89956007900446
28.799623767005414
27.719766807004817
26.639599999990423
25.55980000001682
24.479699999996228
