Workload_ID,    App_ID,SubmitTime,Pr:CPUTime,ResponseTime,
#======================================
#Number of workloads:99
#Timeout workloads:0
#Timeout workloads per cent:0
#Over workloads:0
#Over workloads per cent:0
#Number of Cloudlets:99
#Over Cloudlets:0
#Over Cloudlets per cent:0
#Number of transmissions:0
#Over transmissions:0
#======================================
#Total serve time:2711880.852560846
#CPU serve time:2711880.852560846
#Network serve time:0.0
#Average total serve time:27392.73588445299
#Average CPU serve time per workload:27392.73588445299
#Average network serve time per workload:0.0
#Average CPU serve time per Cloudlet:27392.73588445299
#======================================
1199.9995608479996
1200.0
2279.9995
2280.0
3359.9995
3360.0
4439.9995
4440.0
5519.9995
5520.0195
6599.9995
6600.0195
7679.9995
7680.0195
8759.9995
8760.0195
9839.9995
9840.0195
10919.9995
10920.0195
11999.9995
12000.0195
13079.9995
13080.0195
14159.9995
14160.0195
15239.999499999998
15240.019499999999
16319.999499999998
16320.019499999999
17399.999499999998
17400.0195
18479.999499999998
18480.0195
19559.999499999998
19560.0195
20639.999499999998
20640.0195
21719.999499999998
21720.0195
22799.999499999998
22800.0195
23879.999499999998
23880.0195
24959.999499999998
24960.0195
26039.999499999998
26040.0195
27119.999499999998
27120.0195
28199.999499999998
28200.0195
29279.999499999998
29280.0195
30359.999499999998
30360.019500000002
31439.999499999998
31440.019499999995
32519.999499999998
32520.019500000002
33599.9995
33600.019499999995
34679.9995
34680.0195
35759.9995
35760.0195
36839.9995
36840.0195
37919.9995
37920.019499999995
38999.9995
39000.0195
40079.9995
40080.019499999995
41159.9995
41160.0195
42239.9995
42240.0195
43319.9995
43320.0195
44399.9995
44400.019499999995
45479.9995
45480.0195
46559.9995
46560.019499999995
47639.9995
47640.0195
48719.9995
48720.0195
49799.9995
49800.0195
50879.9995
50880.019499999995
51959.9995
51960.0195
53039.9995
53040.019499999995
54119.9995
