Workload_ID,    App_ID,SubmitTime,Pr:CPUTime,ResponseTime,
#======================================
#Number of workloads:99
#Timeout workloads:0
#Timeout workloads per cent:0
#Over workloads:0
#Over workloads per cent:0
#Number of Cloudlets:99
#Over Cloudlets:0
#Over Cloudlets per cent:0
#Number of transmissions:0
#Over transmissions:0
#======================================
#Total serve time:1211879.951232367
#CPU serve time:1211879.951232367
#Network serve time:0.0
#Average total serve time:12241.211628609768
#Average CPU serve time per workload:12241.211628609768
#Average network serve time per workload:0.0
#Average CPU serve time per Cloudlet:12241.211628609768
#======================================
600.0
599.9996715189999
1079.9995608479996
1079.9995
1559.9995
1559.9995
2039.9995
2039.9995
2519.9995
2519.9995
2999.9995
2999.9995
3479.9995
3479.9995
3959.9995
3959.9995
4439.9995
4439.9995
4919.9995
4919.9995
5399.9995
5399.9995
5879.9995
5879.9995
6359.9995
6359.9995
6839.9995
6839.9995
7319.9995
7319.9995
7799.9995
7799.9995
8279.9995
8279.9995
8759.9995
8759.9995
9239.9995
9239.9995
9719.9995
9719.9995
10199.9995
10199.9995
10679.9995
10679.9995
11159.9995
11159.9995
11639.9995
11639.9995
12119.9995
12119.9995
12599.9995
12599.9995
13079.9995
13079.9995
13559.999499999998
13559.999499999998
14039.999499999998
14039.999499999998
14519.999499999998
14519.999499999998
14999.999499999998
14999.999499999998
15479.999499999998
15479.999499999998
15959.999499999998
15959.999499999998
16439.999499999998
16439.999499999998
16919.999499999998
16919.999499999998
17399.999499999998
17399.999499999998
17879.999499999998
17879.999499999998
18359.999499999998
18359.999499999998
18839.999499999998
18839.999499999998
19319.999499999998
19319.999499999998
19799.999499999998
19799.999499999998
20279.999499999998
20279.999499999998
20759.999499999998
20759.999499999998
21239.999499999998
21239.999499999998
21719.999499999998
21719.999499999998
22199.999499999998
22199.999499999998
22679.999499999998
22679.999499999998
23159.999499999998
23159.999499999998
23639.999499999998
23639.999499999998
24119.999499999998
