Workload_ID,    App_ID,SubmitTime,Pr:CPUTime,ResponseTime,
#======================================
#Number of workloads:99
#Timeout workloads:0
#Timeout workloads per cent:0
#Over workloads:0
#Over workloads per cent:0
#Number of Cloudlets:99
#Over Cloudlets:0
#Over Cloudlets per cent:0
#Number of transmissions:0
#Over transmissions:0
#======================================
#Total serve time:1211879.9031926075
#CPU serve time:1211879.9031926075
#Network serve time:0.0
#Average total serve time:12241.211143359671
#Average CPU serve time per workload:12241.211143359671
#Average network serve time per workload:0.0
#Average CPU serve time per Cloudlet:12241.211143359671
#======================================
599.9997604800001
599.999510118
1079.9994610049998
1079.9994610049998
1559.999
1559.999
2039.9989999999998
2039.9989999999998
2519.999
2519.999
2999.999
2999.999
3479.999
3479.999
3959.999
3959.999
4439.999
4439.999
4919.999
4919.999
5399.999
5399.999
5879.999
5879.999
6359.999
6359.999
6839.999
6839.999
7319.999
7319.999
7799.999
7799.999
8279.999
8279.999
8759.999
8759.999
9239.999
9239.999
9719.999
9719.999
10199.999
10199.999
10679.999
10679.999
11159.999
11159.999
11639.999
11639.999
12119.999
12119.999
12599.999
12599.999
13079.999
13079.999
13559.999
13559.999
14039.999
14039.999
14519.999
14519.999
14999.999
14999.999
15479.999
15479.999
15959.999
15959.999
16439.999
16439.999
16919.999
16919.999
17399.999
17399.999
17879.999
17879.999
18359.999
18359.999
18839.999
18839.999
19319.999
19319.999
19799.999
19799.999
20279.999
20279.999
20759.999
20759.999
21239.999
21239.999
21719.999
21719.999
22199.999
22199.999
22679.999
22679.999
23159.999
23159.999
23639.999
23639.999
24119.999
