Workload_ID,    App_ID,SubmitTime,Pr:CPUTime,ResponseTime,
#======================================
#Number of workloads:99
#Timeout workloads:0
#Timeout workloads per cent:0
#Over workloads:0
#Over workloads per cent:0
#Number of Cloudlets:99
#Over Cloudlets:0
#Over Cloudlets per cent:0
#Number of transmissions:0
#Over transmissions:0
#======================================
#Total serve time:1511879.9029422463
#CPU serve time:1511879.9029422463
#Network serve time:0.0
#Average total serve time:15271.5141711338
#Average CPU serve time per workload:15271.5141711338
#Average network serve time per workload:0.0
#Average CPU serve time per Cloudlet:15271.5141711338
#======================================
719.999510118
719.999510118
1319.9994610049998
1319.9994610049998
1919.9989999999998
1919.9989999999998
2519.999
2519.999
3119.999
3119.999
3719.999
3719.999
4319.999
4319.999
4919.999
4919.999
5519.999
5519.999
6119.999
6119.999
6719.999
6719.999
7319.999
7319.999
7919.999
7919.999
8519.999
8519.999
9119.999
9119.999
9719.999
9719.999
10319.999
10319.999
10919.999
10919.999
11519.999
11519.999
12119.999
12119.999
12719.999
12719.999
13319.999
13319.999
13919.999
13919.999
14519.999
14519.999
15119.999
15119.999
15719.999
15719.999
16319.999
16319.999
16919.999
16919.999
17519.999
17519.999
18119.999
18119.999
18719.999
18719.999
19319.999
19319.999
19919.999
19919.999
20519.999
20519.999
21119.999
21119.999
21719.999
21719.999
22319.999
22319.999
22919.999
22919.999
23519.999
23519.999
24119.999
24119.999
24719.999
24719.999
25319.999
25319.999
25919.999
25919.999
26519.999
26519.999
27119.999
27119.999
27719.999000000003
27719.999000000003
28319.999000000003
28319.999000000003
28919.999000000003
28919.999000000003
29519.999000000003
29519.999000000003
30119.999000000003
