Workload_ID,    App_ID,SubmitTime,Pr:CPUTime,ResponseTime,
#======================================
#Number of workloads:99
#Timeout workloads:0
#Timeout workloads per cent:0
#Over workloads:0
#Over workloads per cent:0
#Number of Cloudlets:99
#Over Cloudlets:0
#Over Cloudlets per cent:0
#Number of transmissions:0
#Over transmissions:0
#======================================
#Total serve time:4211881.766999997
#CPU serve time:4211881.766999997
#Network serve time:0.0
#Average total serve time:42544.260272727246
#Average CPU serve time per workload:42544.260272727246
#Average network serve time per workload:0.0
#Average CPU serve time per Cloudlet:42544.260272727246
#======================================
1800.0
1800.0
3480.0
3480.0
5160.0
5160.0
6840.019
6840.019
8520.019
8520.019
10200.019
10200.019
11880.019
11880.019
13560.019
13560.019
15240.019
15240.019
16920.019
16920.019
18600.019
18600.019
20280.019
20280.019
21960.019
21960.019
23640.019
23640.019
25320.019
25320.019
27000.019
27000.019
28680.019
28680.019
30360.019
30360.019
32040.019
32040.019
33720.01900000001
33720.01900000001
35400.019
35400.019
37080.019
37080.019
38760.019
38760.019
40440.019
40440.019
42120.019
42120.019
43800.019
43800.019
45480.019
45480.019
47160.019
47160.019
48840.019
48840.019
50520.019
50520.019
52200.019
52200.019
53880.019
53880.019
55560.019
55560.019
57240.019
57240.019
58920.019
58920.019
60600.019
60600.019
62280.019
62280.019
63960.019
63960.019
65640.019
65640.019
67320.019
67320.019
69000.019
69000.019
70680.019
70680.019
72360.019
72360.019
74040.019
74040.019
75720.019
75720.019
77400.019
77400.019
79080.019
79080.019
80760.019
80760.019
82440.019
82440.019
84120.019
