Workload_ID,    App_ID,SubmitTime,Pr:CPUTime,ResponseTime,
#======================================
#Number of workloads:99
#Timeout workloads:0
#Timeout workloads per cent:0
#Over workloads:0
#Over workloads per cent:0
#Number of Cloudlets:99
#Over Cloudlets:0
#Over Cloudlets per cent:0
#Number of transmissions:0
#Over transmissions:0
#======================================
#Total serve time:1511879.9505884342
#CPU serve time:1511879.9505884342
#Network serve time:0.0
#Average total serve time:15271.514652408427
#Average CPU serve time per workload:15271.514652408427
#Average network serve time per workload:0.0
#Average CPU serve time per Cloudlet:15271.514652408427
#======================================
719.9995677229998
719.9995207119997
1319.9995
1319.9995
1919.9995
1919.9995
2519.9995
2519.9995
3119.9995
3119.9995
3719.9995
3719.9995
4319.9995
4319.9995
4919.9995
4919.9995
5519.9995
5519.9995
6119.9995
6119.9995
6719.9995
6719.9995
7319.9995
7319.9995
7919.9995
7919.9995
8519.9995
8519.9995
9119.9995
9119.9995
9719.9995
9719.9995
10319.9995
10319.9995
10919.9995
10919.9995
11519.9995
11519.9995
12119.9995
12119.9995
12719.9995
12719.9995
13319.9995
13319.9995
13919.999499999998
13919.999499999998
14519.999499999998
14519.999499999998
15119.999499999998
15119.999499999998
15719.999499999998
15719.999499999998
16319.999499999998
16319.999499999998
16919.999499999998
16919.999499999998
17519.999499999998
17519.999499999998
18119.999499999998
18119.999499999998
18719.999499999998
18719.999499999998
19319.999499999998
19319.999499999998
19919.999499999998
19919.999499999998
20519.999499999998
20519.999499999998
21119.999499999998
21119.999499999998
21719.999499999998
21719.999499999998
22319.999499999998
22319.999499999998
22919.999499999998
22919.999499999998
23519.999499999998
23519.999499999998
24119.999499999998
24119.999499999998
24719.999499999998
24719.999499999998
25319.999499999998
25319.999499999998
25919.999499999998
25919.999499999998
26519.999499999998
26519.999499999998
27119.999499999998
27119.999499999998
27719.999499999998
27719.999499999998
28319.999500000005
28319.999500000005
28919.999500000005
28919.999500000005
29519.999499999998
29519.999499999998
30119.999499999998
