Workload_ID,    App_ID,SubmitTime,Pr:CPUTime,ResponseTime,
#======================================
#Number of workloads:41
#Timeout workloads:0
#Timeout workloads per cent:0
#Over workloads:0
#Over workloads per cent:0
#Number of Cloudlets:41
#Over Cloudlets:0
#Over Cloudlets per cent:0
#Number of transmissions:0
#Over transmissions:0
#======================================
#Total serve time:1045.608924520856
#CPU serve time:1045.608924520856
#Network serve time:0.0
#Average total serve time:25.50265669563063
#Average CPU serve time per workload:25.50265669563063
#Average network serve time per workload:0.0
#Average CPU serve time per Cloudlet:25.50265669563063
#======================================
24.89980000000027
24.59999999999991
24.299399999999935
23.999299999999494
23.6996999999987
23.399800000000084
23.099800000000585
22.799799999999948
22.499799999992433
22.199700000000234
22.439688156996908
22.680000000000064
22.919899999990207
23.159700000000157
23.399799999996958
23.639099999999985
23.879499999989775
24.11939999998799
24.359799999990855
24.599742558998514
25.319803684995804
26.039775051997367
26.759799999999814
27.47979999998688
28.199899999997342
28.919899999988274
29.63989999999967
30.359899999989693
31.0797999999902
31.79994511899895
30.83964351599775
29.879994233996968
28.91960320999192
27.95987315099501
26.999900000004345
26.03999999999769
25.079599999994116
24.11979999999494
23.15959999999677
22.199645119998877
24.11901071800048
