Workload_ID,    App_ID,SubmitTime,Pr:CPUTime,ResponseTime,
#======================================
#Number of workloads:39
#Timeout workloads:0
#Timeout workloads per cent:0
#Over workloads:0
#Over workloads per cent:0
#Number of Cloudlets:39
#Over Cloudlets:0
#Over Cloudlets per cent:0
#Number of transmissions:0
#Over transmissions:0
#======================================
#Total serve time:738.3841936298829
#CPU serve time:738.3841936298829
#Network serve time:0.0
#Average total serve time:18.93292804179187
#Average CPU serve time per workload:18.93292804179187
#Average network serve time per workload:0.0
#Average CPU serve time per Cloudlet:18.93292804179187
#======================================
13.31980000000003
16.439999999999884
19.559300000000036
22.67979999999949
25.799299999998766
28.919800000000237
32.03940000000068
35.15980000000002
38.27929999999162
41.39954255899988
37.85968815699607
34.3195000000004
30.779499999989866
27.23970000000031
23.699399999997013
20.1593000000006
16.619299999992336
13.07939999999212
9.539999999994507
5.9999999999990905
6.179699999995364
6.3795999999993
6.539999999995416
6.719799999995303
6.918299999999135
7.09929999999531
7.2597999999948115
7.4396999999962645
7.619799999995848
7.799999999998818
10.158699999992677
12.479686552997237
14.819603209994057
17.15967315099715
19.499599999999646
21.839999999999236
24.179599999994025
26.53949999999486
28.85999999999558
