Workload_ID,    App_ID,SubmitTime,Pr:CPUTime,ResponseTime,
#======================================
#Number of workloads:55
#Timeout workloads:0
#Timeout workloads per cent:0
#Over workloads:0
#Over workloads per cent:0
#Number of Cloudlets:55
#Over Cloudlets:0
#Over Cloudlets per cent:0
#Number of transmissions:0
#Over transmissions:0
#======================================
#Total serve time:420.8374584949733
#CPU serve time:420.8374584949733
#Network serve time:0.0
#Average total serve time:7.65159015445406
#Average CPU serve time per workload:7.65159015445406
#Average network serve time per workload:0.0
#Average CPU serve time per Cloudlet:7.65159015445406
#======================================
5.599400000000145
6.379200000000239
7.1396999999997774
7.919699999999494
8.69979999999913
9.479700000000093
10.259700000000123
11.039699999999641
11.819899999994504
12.600000000000023
11.999188156999026
11.399800000000027
10.799899999993727
10.199300000000221
9.599699999998734
9.019500000000107
8.399699999994937
7.79979999999523
7.1998999999957505
6.5999999999989996
6.479699999995091
6.359599999999318
6.239999999995689
6.119799999995848
6.019299999999248
5.879599999995435
5.759799999995948
5.639699999996992
5.539499999996906
5.3999999999991815
5.93909999999596
6.4796999999982745
7.019603209997058
7.559599999996863
8.09979999999996
8.659500000002481
9.179700000005596
9.71930000001339
10.25919999999951
10.799999999998363
10.139200000000528
9.47985249500016
8.819657277001625
8.179200000000492
7.499658716011254
6.858400000001893
6.179700000000139
5.539300000005369
4.87940000000026
4.199999999999363
4.279300000005151
4.319900000002235
4.379662118999022
4.459100000001399
4.519036520997361
