Workload_ID,    App_ID,SubmitTime,Pr:CPUTime,ResponseTime,
#======================================
#Number of workloads:59
#Timeout workloads:0
#Timeout workloads per cent:0
#Over workloads:0
#Over workloads per cent:0
#Number of Cloudlets:59
#Over Cloudlets:0
#Over Cloudlets per cent:0
#Number of transmissions:0
#Over transmissions:0
#======================================
#Total serve time:1231.0173423718413
#CPU serve time:1231.0173423718413
#Network serve time:0.0
#Average total serve time:20.8647007181668
#Average CPU serve time per workload:20.8647007181668
#Average network serve time per workload:0.0
#Average CPU serve time per Cloudlet:20.8647007181668
#======================================
20.099800000000158
19.799999999999955
19.499800000000022
19.21959999999939
18.899699999999086
18.600000000000023
18.299800000000403
17.99999999999983
17.69999999999345
17.399700000000053
17.939888156997995
18.480000000000018
19.019899999991594
19.559999999999945
20.118299999997475
20.639500000000567
21.179999999990514
21.719899999988684
22.259699999990744
22.799742558998787
22.739803684995877
22.67962351599249
22.619999999988977
22.559699999987515
22.499699999997574
22.43979999998851
22.379999999999654
22.31979999999089
22.259799999990946
22.19964511899866
22.199735834997227
22.219589113997245
22.199603209991892
22.19967315099575
22.199900000003254
22.19999999999891
22.219599999994898
22.199799999995776
22.19999999999709
22.199645119998877
22.019935838000038
21.839651196000432
21.65966495700286
21.479927553004018
21.299800000000687
21.119617114004996
20.93979999999783
20.75969999999961
20.57989999999836
20.39980000000378
20.339935836999757
20.27962655299916
20.219702767996296
20.177893483998105
20.113246385996717
20.0397971039979
19.979647821997332
19.939294818996586
19.8596514749961
