Workload_ID,    App_ID,SubmitTime,Pr:CPUTime,ResponseTime,
#======================================
#Number of workloads:40
#Timeout workloads:0
#Timeout workloads per cent:0
#Over workloads:0
#Over workloads per cent:0
#Number of Cloudlets:40
#Over Cloudlets:0
#Over Cloudlets per cent:0
#Number of transmissions:0
#Over transmissions:0
#======================================
#Total serve time:1930.2101845288403
#CPU serve time:1930.2101845288403
#Network serve time:0.0
#Average total serve time:48.255254613221005
#Average CPU serve time per workload:48.255254613221005
#Average network serve time per workload:0.0
#Average CPU serve time per Cloudlet:48.255254613221005
#======================================
47.21980000000032
47.03989999999999
46.859800000000064
46.679899999999634
46.49989999999872
46.31990000000036
46.13990000000075
45.9598000000002
45.779699999991294
45.59950767799944
45.89978815699567
46.199900000000866
46.499899999989566
46.79970000000071
47.09929999999645
47.41890000000069
47.69979999998918
47.99979999998595
48.299799999990455
48.5998076779988
49.079938395996805
49.559975051995934
50.039999999999736
50.51979999998525
50.99999999999636
51.479899999986856
51.959899999999834
52.439899999988484
52.91979999998989
53.3999204779991
52.43921119399761
51.47956959399721
50.51950291099706
49.559973150992846
48.59950000000026
47.63939999999593
46.67979999999352
45.71999999999298
44.75999999999476
43.79929024000057
