Workload_ID,    App_ID,SubmitTime,Pr:CPUTime,ResponseTime,
#======================================
#Number of workloads:49
#Timeout workloads:0
#Timeout workloads per cent:0
#Over workloads:0
#Over workloads per cent:0
#Number of Cloudlets:49
#Over Cloudlets:0
#Over Cloudlets per cent:0
#Number of transmissions:0
#Over transmissions:0
#======================================
#Total serve time:204.55764856198678
#CPU serve time:204.55764856198678
#Network serve time:0.0
#Average total serve time:4.174645889020138
#Average CPU serve time per workload:4.174645889020138
#Average network serve time per workload:0.0
#Average CPU serve time per Cloudlet:4.174645889020138
#======================================
3.539999999999999
3.499300000000133
3.419799999999867
3.3596999999998616
3.3183999999997695
3.259399999999971
3.1797000000000253
3.1381999999998698
3.0598999999986063
3.0
3.1197999999978947
3.2592000000001917
3.359699999997929
3.4799000000002707
3.619499999999448
3.7198000000000775
3.8396999999974923
3.9596999999976106
4.098699999997734
4.199999999999363
3.959699999997156
3.7196999999980562
3.479899999997315
3.2582999999979165
3.018799999999601
2.7597999999979947
2.5386999999982436
2.2797999999986587
2.0591999999990094
1.7999999999997272
1.9797999999987042
2.1789318429971445
2.339799999998604
2.5194029109961775
2.7195000000028813
2.879899999998088
3.059400000000096
3.258600000001934
3.4197000000017397
3.5999999999994543
4.619700000000648
5.639900000004218
6.659755092002797
7.679700000000594
8.699658716012436
9.7199999999998
10.739999999999782
11.75990000000047
12.779700000001412
