Workload_ID,    App_ID,SubmitTime,Pr:CPUTime,ResponseTime,
#======================================
#Number of workloads:42
#Timeout workloads:0
#Timeout workloads per cent:0
#Over workloads:0
#Over workloads per cent:0
#Number of Cloudlets:42
#Over Cloudlets:0
#Over Cloudlets per cent:0
#Number of transmissions:0
#Over transmissions:0
#======================================
#Total serve time:777.3687892998571
#CPU serve time:777.3687892998571
#Network serve time:0.0
#Average total serve time:18.508780697615645
#Average CPU serve time per workload:18.508780697615645
#Average network serve time per workload:0.0
#Average CPU serve time per Cloudlet:18.508780697615645
#======================================
16.619800000000097
17.059499999999872
17.459799999999973
17.879599999999414
18.299699999999063
18.720000000000027
19.139800000000434
19.57939999999985
19.998799999993025
20.399700000000166
20.21968815699745
20.039999999999964
19.859899999990944
19.67999999999995
19.51889999999753
19.319800000000555
19.139999999991687
18.959899999989602
18.779899999992267
18.599742558999424
18.47970368499773
18.359723515994347
18.239899999990485
18.119799999989255
17.99979999999755
17.87989999999013
17.75979999999049
17.639699999991763
17.519699999992326
17.399645118999388
17.51993583499825
17.639686552995272
17.759603209992747
17.879673150996496
18.0
18.119900000001053
18.23999999999478
18.35959999999568
18.479699999998502
18.599645119999423
18.899735837999742
19.199706557000354
