Workload_ID,    App_ID,SubmitTime,Pr:CPUTime,ResponseTime,
#======================================
#Number of workloads:42
#Timeout workloads:0
#Timeout workloads per cent:0
#Over workloads:0
#Over workloads per cent:0
#Number of Cloudlets:42
#Over Cloudlets:0
#Over Cloudlets per cent:0
#Number of transmissions:0
#Over transmissions:0
#======================================
#Total serve time:161.14445856996562
#CPU serve time:161.14445856996562
#Network serve time:0.0
#Average total serve time:3.8367728230944196
#Average CPU serve time per workload:3.8367728230944196
#Average network serve time per workload:0.0
#Average CPU serve time per Cloudlet:3.8367728230944196
#======================================
1.199799999999982
1.1997000000000355
1.1999999999999886
1.199799999999982
1.2189999999999372
1.1999999999999886
1.1999999999999886
1.1993999999999687
1.1996999999995523
1.2000000000000455
1.1996999999992113
1.1993000000001075
1.1999999999993634
1.1995000000000573
1.19949999999983
1.2000000000000455
1.1999999999993634
1.1993999999992866
1.199299999999539
1.199999999999818
2.2798999999986336
3.3786999999981617
4.4397999999969215
5.519799999996394
6.618299999999181
7.679799999994884
8.759799999993447
9.839499999994814
10.919999999993934
11.999999999998181
10.91978880599845
9.839466553997454
8.759603209995703
7.6795999999967535
6.599500000009812
5.519800000000487
4.439700000002631
3.358600000001843
2.279299999996965
1.199999999999818
2.0997000000011212
2.9997000000039407
