Workload_ID,    App_ID,SubmitTime,Pr:CPUTime,ResponseTime,
#======================================
#Number of workloads:50
#Timeout workloads:0
#Timeout workloads per cent:0
#Over workloads:0
#Over workloads per cent:0
#Number of Cloudlets:50
#Over Cloudlets:0
#Over Cloudlets per cent:0
#Number of transmissions:0
#Over transmissions:0
#======================================
#Total serve time:1485.0682111118538
#CPU serve time:1485.0682111118538
#Network serve time:0.0
#Average total serve time:29.701364222237075
#Average CPU serve time per workload:29.701364222237075
#Average network serve time per workload:0.0
#Average CPU serve time per Cloudlet:29.701364222237075
#======================================
46.91980000000032
45.83989999999997
44.75980000000007
43.67989999999958
42.59989999999874
41.51990000000029
40.439900000000705
39.35980000000018
38.299299999991604
37.19994255899985
35.27968815699626
33.37940000000037
31.439999999989823
29.519700000000398
27.599399999996763
25.67990000000009
23.75999999998976
21.839899999988575
19.91939999999181
17.999742558999515
19.379703684997367
20.759623515993326
22.139999999989186
23.53929999998718
24.89969999999721
26.2798999999884
27.65989999999988
29.039899999989984
30.419799999990346
31.79994511899895
30.95964351599764
30.119994233996977
29.279603209992047
28.439873150995027
27.599900000004254
26.75999999999749
25.919599999993807
25.079599999995025
24.239999999996144
23.399645119998695
24.059510718000638
24.71960911699989
25.379683864003255
26.039927553004418
26.699900000000525
27.359884794007485
28.019499999996242
28.67999999999938
29.339999999997417
30.019290240000828
