Workload_ID,    App_ID,SubmitTime,Pr:CPUTime,ResponseTime,
#======================================
#Number of workloads:39
#Timeout workloads:0
#Timeout workloads per cent:0
#Over workloads:0
#Over workloads per cent:0
#Number of Cloudlets:39
#Over Cloudlets:0
#Over Cloudlets per cent:0
#Number of transmissions:0
#Over transmissions:0
#======================================
#Total serve time:5335.533957023899
#CPU serve time:5335.533957023899
#Network serve time:0.0
#Average total serve time:136.8085630006128
#Average CPU serve time per workload:136.8085630006128
#Average network serve time per workload:0.0
#Average CPU serve time per Cloudlet:136.8085630006128
#======================================
21.35980000000019
21.119899999999888
20.87960000000001
20.639299999999423
20.419199999998966
20.179299999999955
19.919800000000464
19.67979999999983
19.43999999999312
19.19970000000012
18.95988815699775
18.720000000000027
18.47989999999163
18.24000000000001
17.99989999999775
17.779400000000464
17.519699999992326
17.27989999999022
17.039899999992713
613.8006
570.959945118999
528.4799204779993
486.3595999999957
444.59951071699834
403.19921119399805
362.15893184299716
321.4787865529945
281.15854191299695
241.1983999999993
201.5981032099919
162.05787153799747
122.57760000000007
83.15727315099548
43.79717315099333
20.699400000001333
20.759599999999864
20.819599999994352
20.879399999996167
20.939499999997224
