Workload_ID,    App_ID,SubmitTime,Pr:CPUTime,ResponseTime,
#======================================
#Number of workloads:54
#Timeout workloads:0
#Timeout workloads per cent:0
#Over workloads:0
#Over workloads per cent:0
#Number of Cloudlets:54
#Over Cloudlets:0
#Over Cloudlets per cent:0
#Number of transmissions:0
#Over transmissions:0
#======================================
#Total serve time:470.8039936429568
#CPU serve time:470.8039936429568
#Network serve time:0.0
#Average total serve time:8.71859247486957
#Average CPU serve time per workload:8.71859247486957
#Average network serve time per workload:0.0
#Average CPU serve time per Cloudlet:8.71859247486957
#======================================
16.319300000000098
15.239599999999967
14.159799999999876
13.079499999999285
11.999199999999007
10.919600000000003
9.839200000000176
8.759999999999764
7.67969999999616
6.600000000000023
6.779999999995766
6.978200000000356
7.139899999995578
7.319900000000075
7.499699999999052
7.679900000000089
7.8596999999952
8.039799999995012
8.219999999995025
8.399999999998727
8.51969999999369
8.639523515997098
8.759999999993852
8.87979999999402
9.019299999998793
9.11979999999403
9.239799999993238
9.359999999994898
9.479899999994359
9.599999999998545
9.419699999993327
9.239866553997217
9.05960320999543
8.87999999999738
8.699800000000323
8.539500000002135
8.339700000005905
8.159800000014457
7.979700000000321
7.799999999998818
7.739700000001903
7.6799999999993815
7.61951618400326
7.559700000000703
7.499658716011254
7.439900000002581
7.379999999999654
7.3393000000096436
7.259800000001633
7.2193999999981315
7.199799999999868
7.219325462998768
7.199799999999414
7.1996000000035565
