Workload_ID,    App_ID,SubmitTime,Pr:CPUTime,ResponseTime,
#======================================
#Number of workloads:39
#Timeout workloads:0
#Timeout workloads per cent:0
#Over workloads:0
#Over workloads per cent:0
#Number of Cloudlets:39
#Over Cloudlets:0
#Over Cloudlets per cent:0
#Number of transmissions:0
#Over transmissions:0
#======================================
#Total serve time:531.4051172718912
#CPU serve time:531.4051172718912
#Network serve time:0.0
#Average total serve time:13.625772237740799
#Average CPU serve time per workload:13.625772237740799
#Average network serve time per workload:0.0
#Average CPU serve time per Cloudlet:13.625772237740799
#======================================
10.319500000000346
11.639999999999986
12.95979999999986
14.27999999999929
15.599699999999075
16.93920000000014
18.2398000000004
19.55939999999987
20.87939999999287
22.199700000000234
20.57928815699745
18.960000000000036
17.339899999991985
15.720000000000027
14.119199999998159
12.479800000000296
10.859299999993937
9.23939999999402
7.619499999995469
5.9999999999990905
6.858199999994895
7.6991235159969165
8.519999999993843
9.359799999993584
10.218299999998635
11.03969999999299
11.879699999992226
12.719799999993711
13.559699999992972
14.399999999997817
14.399915835998854
14.41918655299628
14.399603209994211
14.399799999996048
14.399700000004486
14.399899999998524
14.399999999995998
14.399999999997817
14.399799999998777
