Workload_ID,    App_ID,SubmitTime,Pr:CPUTime,ResponseTime,
#======================================
#Number of workloads:49
#Timeout workloads:0
#Timeout workloads per cent:0
#Over workloads:0
#Over workloads per cent:0
#Number of Cloudlets:49
#Over Cloudlets:0
#Over Cloudlets per cent:0
#Number of transmissions:0
#Over transmissions:0
#======================================
#Total serve time:1423.5485671188553
#CPU serve time:1423.5485671188553
#Network serve time:0.0
#Average total serve time:29.05201157385419
#Average CPU serve time per workload:29.05201157385419
#Average network serve time per workload:0.0
#Average CPU serve time per Cloudlet:29.05201157385419
#======================================
24.719800000000262
25.439999999999912
26.15979999999996
26.879899999999566
27.619299999998645
28.319800000000214
29.03980000000064
29.759799999999984
30.479699999991794
31.199942558999624
30.959688156996435
30.71990000000028
30.47989999998981
30.239700000000425
29.999699999996665
29.759900000000243
29.519799999989573
29.279899999987492
29.039699999990262
28.799770238999372
29.459738395997874
30.119975051997017
30.779799999999796
31.439799999986235
32.09949999999708
32.75949999998784
33.41949999999997
34.079499999989366
34.73979999998983
35.39994511899886
34.259243515997696
33.11959423399662
31.979803209991815
30.839873150994208
29.699900000004618
28.559999999997217
27.419999999993706
26.279999999994743
25.13999999999578
23.999645119998604
24.319010718000754
24.599609117
24.899683864003237
25.199927553004727
25.5
25.79991711400453
26.09999999999627
26.39999999999918
26.719499999996515
