Workload_ID,    App_ID,SubmitTime,Pr:CPUTime,ResponseTime,
#======================================
#Number of workloads:50
#Timeout workloads:0
#Timeout workloads per cent:0
#Over workloads:0
#Over workloads per cent:0
#Number of Cloudlets:50
#Over Cloudlets:0
#Over Cloudlets per cent:0
#Number of transmissions:0
#Over transmissions:0
#======================================
#Total serve time:344.74519144496486
#CPU serve time:344.74519144496486
#Network serve time:0.0
#Average total serve time:6.894903828899297
#Average CPU serve time per workload:6.894903828899297
#Average network serve time per workload:0.0
#Average CPU serve time per Cloudlet:6.894903828899297
#======================================
16.378300000000095
14.759599999999978
13.138799999999861
11.518999999999323
9.898299999999153
8.278800000000103
6.658200000000136
5.038299999999936
3.4187999999983276
1.7999999999999545
1.9798999999985654
2.159900000000107
2.339799999998604
2.5189000000001442
2.6994999999996026
2.8798000000000457
3.0593999999981634
3.2382999999979347
3.4184999999981756
3.5999999999994543
3.478899999997566
3.3786999999981617
3.239899999997533
3.11929999999802
3.018799999999601
2.8797999999978856
2.75969999999802
2.6392999999984568
2.5186999999987165
2.399999999999636
2.3997999999985495
2.399731842996971
2.3997999999985495
2.418602910996242
2.4185000000024957
2.399999999997817
2.3997999999996864
2.3992000000039297
2.3996999999972104
2.399999999999636
5.09900000000016
7.799999999999272
10.499457277000602
13.199499999998807
15.899937180005963
18.599617114005014
21.299799999997504
23.998499999998785
26.69949999999608
29.39954512000031
