Workload_ID,    App_ID,SubmitTime,Pr:CPUTime,ResponseTime,
#======================================
#Number of workloads:67
#Timeout workloads:0
#Timeout workloads per cent:0
#Over workloads:0
#Over workloads per cent:0
#Number of Cloudlets:67
#Over Cloudlets:0
#Over Cloudlets per cent:0
#Number of transmissions:0
#Over transmissions:0
#======================================
#Total serve time:517.6886948279783
#CPU serve time:517.6886948279783
#Network serve time:0.0
#Average total serve time:7.72669693773102
#Average CPU serve time per workload:7.72669693773102
#Average network serve time per workload:0.0
#Average CPU serve time per Cloudlet:7.72669693773102
#======================================
7.199300000000221
7.199700000000263
7.19969999999978
7.199299999999539
7.199399999999343
7.199800000000039
7.199700000000121
7.199299999999766
7.1996999999965965
7.2000000000000455
7.199899999995523
7.19920000000036
7.199899999995523
7.199900000000071
7.199699999999098
7.199900000000071
7.199699999995801
7.199799999995776
7.1998999999957505
7.199999999998909
6.838199999994913
6.479599999999209
6.119199999995772
5.759799999996176
5.399299999999357
5.038799999996172
4.679699999996501
4.319699999997965
3.9599999999977626
3.5999999999994543
4.379899999996951
5.178199999999151
5.939110240997252
6.719099999997297
7.499500000011267
8.279900000001817
9.059700000005705
9.839300000013736
10.619699999999284
11.399999999998272
11.339700000000903
11.27994546400123
11.219857276999846
11.15939999999955
11.099558716015054
11.039911994006161
10.980000000000018
10.919100000011895
10.859800000002451
10.799399999999878
10.439499999999043
10.078799999999319
9.719036178996703
9.35989986499726
8.999690581997584
8.639119766996828
8.298310482996385
7.9199741689985785
7.559642226996402
7.199178882997785
6.958900000000995
6.719799999999395
6.479899999998452
6.239300000003368
5.999400000005153
5.759400000002188
5.519658980989334
