Workload_ID,    App_ID,SubmitTime,Pr:CPUTime,ResponseTime,
#======================================
#Number of workloads:39
#Timeout workloads:0
#Timeout workloads per cent:0
#Over workloads:0
#Over workloads per cent:0
#Number of Cloudlets:39
#Over Cloudlets:0
#Over Cloudlets per cent:0
#Number of transmissions:0
#Over transmissions:0
#======================================
#Total serve time:1797.0136352348418
#CPU serve time:1797.0136352348418
#Network serve time:0.0
#Average total serve time:46.077272698329274
#Average CPU serve time per workload:46.077272698329274
#Average network serve time per workload:0.0
#Average CPU serve time per Cloudlet:46.077272698329274
#======================================
46.19980000000032
46.199899999999985
46.19980000000007
46.199899999999616
46.199899999998706
46.199900000000355
46.19990000000075
46.19980000000021
46.19969999999125
46.219507677999445
46.19978815699562
46.199900000000866
46.19989999998961
46.19970000000069
46.19969999999648
46.19990000000064
46.19979999998918
46.199799999986226
46.19979999999032
46.19980767799893
46.2599383959971
46.31997505199615
46.379799999999705
46.43979999998555
46.49969999999644
46.55989999998701
46.619899999999916
46.67989999998849
46.73979999998983
46.799920477999194
46.499711193997655
46.19964191299687
45.89987153799757
45.59997315099281
45.30000000000018
44.99979999999641
44.6997999999935
44.39999999999327
44.09999999999491
