Workload_ID,    App_ID,SubmitTime,Pr:CPUTime,ResponseTime,
#======================================
#Number of workloads:49
#Timeout workloads:0
#Timeout workloads per cent:0
#Over workloads:0
#Over workloads per cent:0
#Number of Cloudlets:49
#Over Cloudlets:0
#Over Cloudlets per cent:0
#Number of transmissions:0
#Over transmissions:0
#======================================
#Total serve time:2480.450742097858
#CPU serve time:2480.450742097858
#Network serve time:0.0
#Average total serve time:50.62144371628282
#Average CPU serve time per workload:50.62144371628282
#Average network serve time per workload:0.0
#Average CPU serve time per Cloudlet:50.62144371628282
#======================================
49.619800000000325
50.03989999999999
50.45980000000006
50.87989999999968
51.29989999999873
51.71990000000034
52.13990000000075
52.5599000000002
52.97999999999115
53.399907677999636
52.43978815699563
51.47990000000084
50.51989999998966
49.5597000000007
48.59969999999646
47.65930000000071
46.6797999999892
45.71979999998621
44.75979999999049
43.819007677999025
44.279938395997306
44.759975051996435
45.23979999999983
45.719799999985526
46.19969999999648
46.6798999999869
47.15989999999988
47.63989999998853
48.11979999998994
48.59992047799915
49.31971119399759
50.03994191299671
50.75990291099697
51.47997315099292
52.199900000000525
52.91989999999578
53.639799999993556
54.359899999993104
55.079999999994925
55.819290240001465
55.61960481500046
55.439922566001314
55.25985219300401
55.07978885100465
54.89984175400605
54.71967507100726
54.53999999999587
54.35979999999745
54.179699999997865
