Workload_ID,    App_ID,SubmitTime,Pr:CPUTime,ResponseTime,
#======================================
#Number of workloads:53
#Timeout workloads:0
#Timeout workloads per cent:0
#Over workloads:0
#Over workloads per cent:0
#Number of Cloudlets:53
#Over Cloudlets:0
#Over Cloudlets per cent:0
#Number of transmissions:0
#Over transmissions:0
#======================================
#Total serve time:470.4212885949564
#CPU serve time:470.4212885949564
#Network serve time:0.0
#Average total serve time:8.875873369716158
#Average CPU serve time per workload:8.875873369716158
#Average network serve time per workload:0.0
#Average CPU serve time per Cloudlet:8.875873369716158
#======================================
11.999600000000001
12.0
11.999299999999891
11.999999999999318
11.999199999999007
11.999100000000055
11.9992000000002
11.999299999999664
11.99989999999434
12.0
11.399777916998687
10.799800000000005
10.199899999993818
9.599800000000187
8.999699999998825
8.399500000000103
7.799699999995255
7.199799999995776
6.599899999996069
5.9999999999990905
6.2396999999953096
6.479599999999209
6.719999999995252
6.97879999999509
7.199299999999084
7.4397999999951026
7.6797999999944295
7.919699999995828
8.159799999995357
8.399999999998727
8.519299999994018
8.639618430997416
8.759603209995703
8.87999999999738
8.999800000000505
9.11999999999989
9.239700000005541
9.35980000001382
9.479699999999866
9.599999999998545
9.239700000001449
8.87945249500035
8.519509153002218
8.159200000000055
7.799658716011436
7.439900000002581
7.079999999999927
6.738300000007712
6.359799999999723
5.9999999999990905
6.89929999999913
7.7993254629996045
8.699643209996793
