Workload_ID,    App_ID,SubmitTime,Pr:CPUTime,ResponseTime,
#======================================
#Number of workloads:39
#Timeout workloads:0
#Timeout workloads per cent:0
#Over workloads:0
#Over workloads per cent:0
#Number of Cloudlets:39
#Over Cloudlets:0
#Over Cloudlets per cent:0
#Number of transmissions:0
#Over transmissions:0
#======================================
#Total serve time:1308.332891071847
#CPU serve time:1308.332891071847
#Network serve time:0.0
#Average total serve time:33.54699720697043
#Average CPU serve time per workload:33.54699720697043
#Average network serve time per workload:0.0
#Average CPU serve time per Cloudlet:33.54699720697043
#======================================
14.219800000000049
17.059499999999872
19.859700000000004
22.67979999999949
25.499699999998768
28.319800000000214
31.139800000000662
33.95979999999997
36.779699999991635
39.59994255899983
39.53968815699602
39.47990000000061
39.41989999998975
39.35970000000043
39.29969999999662
39.23990000000049
39.1797999999892
39.11979999998675
39.05979999999067
38.99988767799846
38.4599383959976
37.919975051996744
37.37980000000016
36.83979999998587
36.29969999999685
35.75989999998751
35.21990000000005
34.6798999999894
34.13979999998992
33.5999451189989
33.259243515997696
32.87999423399651
32.51980320999178
32.15987315099392
31.799900000004982
31.43999999999687
31.079899999993813
30.719899999993686
30.359999999995125
