Workload_ID,    App_ID,SubmitTime,Pr:CPUTime,ResponseTime,
#======================================
#Number of workloads:51
#Timeout workloads:0
#Timeout workloads per cent:0
#Over workloads:0
#Over workloads per cent:0
#Number of Cloudlets:51
#Over Cloudlets:0
#Over Cloudlets per cent:0
#Number of transmissions:0
#Over transmissions:0
#======================================
#Total serve time:2022.6477175158584
#CPU serve time:2022.6477175158584
#Network serve time:0.0
#Average total serve time:39.659759166977615
#Average CPU serve time per workload:39.659759166977615
#Average network serve time per workload:0.0
#Average CPU serve time per Cloudlet:39.659759166977615
#======================================
40.19980000000034
40.199899999999985
40.199800000000096
40.199899999999616
40.199899999998706
40.19940000000025
40.199900000000696
40.19980000000021
40.19929999999147
40.19994255899985
40.13968815699593
40.079900000000634
40.019899999989775
39.95970000000045
39.89969999999664
39.83990000000051
39.77979999998911
39.71979999998666
39.65979999999058
39.59988767799837
39.5999383959977
39.59997505199658
39.59980000000019
39.59979999998586
39.5996999999968
39.59989999998743
39.599899999999934
39.59989999998902
39.59979999998973
39.5999451189989
39.659857133997775
39.71974191299705
39.779571537997526
39.839473150992944
39.90000000000009
39.95979999999645
40.01989999999387
40.07959999999366
40.13999999999487
40.19969024000011
39.9595571359996
39.7192478550005
39.479432637003356
39.23958335700536
38.99933407500657
38.75947776300745
38.51979999999503
38.27999999999747
38.03999999999678
37.799590240000725
37.85968351599922
