Workload_ID,    App_ID,SubmitTime,Pr:CPUTime,ResponseTime,
#======================================
#Number of workloads:62
#Timeout workloads:0
#Timeout workloads per cent:0
#Over workloads:0
#Over workloads per cent:0
#Number of Cloudlets:62
#Over Cloudlets:0
#Over Cloudlets per cent:0
#Number of transmissions:0
#Over transmissions:0
#======================================
#Total serve time:1386451.588739047
#CPU serve time:1386451.588739047
#Network serve time:0.0
#Average total serve time:22362.122399016887
#Average CPU serve time per workload:22362.122399016887
#Average network serve time per workload:0.0
#Average CPU serve time per Cloudlet:22362.122399016887
#======================================
23.879800000000245
23.75989999999996
23.639999999999958
23.51979999999952
23.39969999999869
23.27980000000008
23.159800000000587
23.039799999999957
22.91979999999228
22.799700000000257
20.63968815699741
18.480000000000018
16.319899999992344
14.159999999999968
12.019199999998364
9.839800000000196
7.679699999995364
5.539299999996501
3.378499999998212
1.199999999999818
1.0798999999994976
0.9597999999994045
0.8399999999994634
0.738999999999578
0.599999999999909
0.4799999999997908
0.35999999999989996
0.23999999999978172
0.13899999999989632
0.009999999999990905
3.439299999997729
6.859199999998054
10.259203209994894
13.679899999995996
17.119200000007368
20.519499999999425
23.939599999994243
27.359899999994923
30.7795999999953
60613.8006
60586.91954768009
60558.95879999996
60529.91879999996
60499.7985000001
60468.598300000005
60436.31799999989
60402.957399999905
60368.517099999895
60332.9968
60296.396799999995
60260.21650000022
60224.456500000015
60189.11620000012
60154.19620000002
60119.696000000025
60085.615799999985
60051.95559999999
60018.71559999999
59985.89560000003
59953.4956
59921.39560000002
59889.595600000015
