Workload_ID,    App_ID,SubmitTime,Pr:CPUTime,ResponseTime,
#======================================
#Number of workloads:52
#Timeout workloads:0
#Timeout workloads per cent:0
#Over workloads:0
#Over workloads per cent:0
#Number of Cloudlets:52
#Over Cloudlets:0
#Over Cloudlets per cent:0
#Number of transmissions:0
#Over transmissions:0
#======================================
#Total serve time:1995.7079304968524
#CPU serve time:1995.7079304968524
#Network serve time:0.0
#Average total serve time:38.378998663401006
#Average CPU serve time per workload:38.378998663401006
#Average network serve time per workload:0.0
#Average CPU serve time per Cloudlet:38.378998663401006
#======================================
18.23980000000013
18.47989999999993
18.71980000000002
18.959599999999398
19.199699999999098
19.439999999999998
19.679800000000455
19.91979999999984
20.15979999999297
20.399700000000166
22.559688156996913
24.719900000000052
26.879899999990016
29.03970000000038
31.199699999996596
33.35940000000028
35.519799999989345
37.6793999999868
39.839299999990544
41.99988767799823
43.13993839599743
44.279975051996644
45.419799999999896
46.559799999985444
47.69919999999638
48.83989999998698
49.979899999999816
51.11989999998855
52.25979999998981
53.3999204779991
52.01981119399761
50.6396644739973
49.25950291099707
47.87997315099301
46.5
45.1197999999963
43.739799999993465
42.35959999999341
40.979999999995016
39.5996902400002
40.43955713599962
41.27974785500055
42.11993263700333
42.959683357005815
43.799741754005936
44.639975071006575
45.479899999994814
46.319999999997435
47.15989999999783
47.99961344800022
48.23963119499831
48.479696312997476
