Workload_ID,    App_ID,SubmitTime,Pr:CPUTime,ResponseTime,
#======================================
#Number of workloads:52
#Timeout workloads:0
#Timeout workloads per cent:0
#Over workloads:0
#Over workloads per cent:0
#Number of Cloudlets:52
#Over Cloudlets:0
#Over Cloudlets per cent:0
#Number of transmissions:0
#Over transmissions:0
#======================================
#Total serve time:684.2213520739094
#CPU serve time:684.2213520739094
#Network serve time:0.0
#Average total serve time:13.158102924498259
#Average CPU serve time per workload:13.158102924498259
#Average network serve time per workload:0.0
#Average CPU serve time per Cloudlet:13.158102924498259
#======================================
16.01980000000009
15.239599999999967
14.459799999999888
13.679999999999268
12.89969999999903
12.139499999999998
11.339700000000164
10.559699999999623
9.79939999999499
9.0
8.63969999999506
8.279200000000401
7.919899999994982
7.559900000000084
7.199699999999098
6.839500000000044
6.479899999996178
6.138299999995979
5.759699999996656
5.3999999999991815
6.7191999999949985
8.039623515996709
9.359999999993306
10.679799999993065
12.018799999998464
13.319899999991776
14.639899999991712
15.959699999992836
17.279699999992317
18.599645118999206
18.239935834997823
17.879686552995054
17.519603209992965
17.15967315099715
16.81920000000673
16.440000000001874
16.079999999995835
15.719999999997071
15.359799999997904
14.999645119999968
15.239535838000393
15.479706557000554
15.719957277000049
15.959830245003104
16.199830149005265
16.43921711400435
16.679299999997966
16.939300000000458
17.1595999999995
17.399600000003375
16.739335836998634
16.079326552998282
