Workload_ID,    App_ID,SubmitTime,Pr:CPUTime,ResponseTime,
#======================================
#Number of workloads:54
#Timeout workloads:0
#Timeout workloads per cent:0
#Over workloads:0
#Over workloads per cent:0
#Number of Cloudlets:54
#Over Cloudlets:0
#Over Cloudlets per cent:0
#Number of transmissions:0
#Over transmissions:0
#======================================
#Total serve time:1128.641525527849
#CPU serve time:1128.641525527849
#Network serve time:0.0
#Average total serve time:20.90076899125646
#Average CPU serve time per workload:20.90076899125646
#Average network serve time per workload:0.0
#Average CPU serve time per Cloudlet:20.90076899125646
#======================================
22.19980000000021
22.19989999999993
22.199999999999903
22.19979999999947
22.19919999999877
22.19980000000004
22.19980000000055
22.199799999999925
22.199799999992592
22.199700000000234
22.199688156997013
22.200000000000045
22.19989999999052
22.19970000000012
22.19979999999714
22.200000000000045
22.19999999999004
22.199899999988475
22.1996999999908
22.199742558998878
21.959803684996587
21.719623515993135
21.47999999998956
21.239299999988134
20.9991999999977
20.759299999989253
20.519799999990028
20.279699999991408
20.0396999999914
19.799645118999024
19.79993583499754
19.799986552994596
19.799203209992584
19.799673150996114
19.818600000000515
19.799899999999525
19.79999999999427
19.799999999995634
19.7996999999973
19.79964511999924
19.799935837999783
19.79930655700082
19.79970277000257
19.799893491004696
19.818764211007874
19.799617114004377
19.799299999996492
19.79969999999912
19.79949999999826
19.79980000000387
19.85953583699984
19.938126552999165
19.979702767996514
20.039893483997275
