Workload_ID,    App_ID,SubmitTime,Pr:CPUTime,ResponseTime,
#======================================
#Number of workloads:43
#Timeout workloads:0
#Timeout workloads per cent:0
#Over workloads:0
#Over workloads per cent:0
#Number of Cloudlets:43
#Over Cloudlets:0
#Over Cloudlets per cent:0
#Number of transmissions:0
#Over transmissions:0
#======================================
#Total serve time:537.6360931058965
#CPU serve time:537.6360931058965
#Network serve time:0.0
#Average total serve time:12.503164955951082
#Average CPU serve time per workload:12.503164955951082
#Average network serve time per workload:0.0
#Average CPU serve time per Cloudlet:12.503164955951082
#======================================
13.199800000000025
13.799499999999966
14.399799999999885
14.999999999999318
15.599699999999075
16.199900000000127
16.799800000000346
17.399999999999807
17.999999999993406
18.599700000000098
17.939888156997995
17.279999999999973
16.619899999992185
15.960000000000036
15.299699999998097
14.639800000000378
13.97979999999302
13.338399999991907
12.659899999994423
11.999999999998181
12.479910715997903
12.959723515994938
13.439899999991894
13.919799999991255
14.399799999998095
14.879899999991267
15.359899999991285
15.839699999992945
16.319699999992736
16.79964511899948
15.119535834998715
13.439686552996818
11.759703209994314
10.07999999999629
8.399800000000141
6.739400000001751
5.058700000004592
3.3786000000022796
1.6982999999959247
0.010000000000218279
1.1397000000010848
2.279700000003686
3.419400000000678
