Workload_ID,    App_ID,SubmitTime,Pr:CPUTime,ResponseTime,
#======================================
#Number of workloads:30
#Timeout workloads:0
#Timeout workloads per cent:0
#Over workloads:0
#Over workloads per cent:0
#Number of Cloudlets:30
#Over Cloudlets:0
#Over Cloudlets per cent:0
#Number of transmissions:0
#Over transmissions:0
#======================================
#Total serve time:656.1139030358777
#CPU serve time:656.1139030358777
#Network serve time:0.0
#Average total serve time:21.870463434529256
#Average CPU serve time per workload:21.870463434529256
#Average network serve time per workload:0.0
#Average CPU serve time per Cloudlet:21.870463434529256
#======================================
22.61980000000021
22.439899999999938
22.259999999999906
22.079799999999466
21.919199999998796
21.71980000000002
21.539800000000525
21.359799999999893
21.179799999992838
20.99970000000019
21.179688156997372
21.360000000000014
21.539899999990553
21.719700000000103
21.899799999997185
22.08000000000004
22.259999999989986
22.439899999988256
22.61969999999087
22.799742558998787
22.619803684995986
22.43962351599248
22.259999999989077
22.079699999987724
21.899699999997665
21.71979999998871
21.539999999999964
21.359799999991083
21.179799999991246
20.999645118998842
