Workload_ID,    App_ID,SubmitTime,Pr:CPUTime,ResponseTime,
#======================================
#Number of workloads:43
#Timeout workloads:0
#Timeout workloads per cent:0
#Over workloads:0
#Over workloads per cent:0
#Number of Cloudlets:43
#Over Cloudlets:0
#Over Cloudlets per cent:0
#Number of transmissions:0
#Over transmissions:0
#======================================
#Total serve time:252.791175227932
#CPU serve time:252.791175227932
#Network serve time:0.0
#Average total serve time:5.878864540184465
#Average CPU serve time per workload:5.878864540184465
#Average network serve time per workload:0.0
#Average CPU serve time per Cloudlet:5.878864540184465
#======================================
9.71970000000033
8.639700000000289
7.559699999999793
6.499299999999664
5.419399999999541
4.339399999999955
3.2392000000000394
2.17939999999993
1.0986999999995533
0.009999999999990905
1.3796999999990476
2.75970000000018
4.158699999997566
5.539400000000342
6.899699999999143
8.29950000000008
9.659699999994245
11.039799999992738
12.419899999994414
13.799999999997908
12.839910715997576
11.89932351599532
10.919899999992595
9.959799999993038
9.019299999998793
8.059399999994639
7.079799999994975
6.119999999996708
5.159599999996999
4.199999999999363
3.8998999999973876
3.6192318429962143
3.2998999999979333
2.9995999999996457
2.7195000000028813
2.399999999997817
2.0997999999999593
1.8193000000042048
1.5182999999947242
1.199999999999818
3.4987000000010084
5.759900000004109
8.039409153001543
