Workload_ID,    App_ID,SubmitTime,Pr:CPUTime,ResponseTime,
#======================================
#Number of workloads:52
#Timeout workloads:0
#Timeout workloads per cent:0
#Over workloads:0
#Over workloads per cent:0
#Number of Cloudlets:52
#Over Cloudlets:0
#Over Cloudlets per cent:0
#Number of transmissions:0
#Over transmissions:0
#======================================
#Total serve time:1532.6461236078592
#CPU serve time:1532.6461236078592
#Network serve time:0.0
#Average total serve time:29.473963915535755
#Average CPU serve time per workload:29.473963915535755
#Average network serve time per workload:0.0
#Average CPU serve time per Cloudlet:29.473963915535755
#======================================
31.25980000000031
31.319999999999936
31.379800000000017
31.439899999999568
31.49989999999866
31.55980000000028
31.61980000000068
31.6798
31.73969999999167
31.799942558999646
31.559688156996344
31.319900000000302
31.07999999998981
30.839700000000448
30.599699999996574
30.359900000000266
30.119799999989482
29.8798999999874
29.6396999999904
29.39977023899928
29.699738395997883
29.999975051997126
30.299799999999777
30.599799999986544
30.89989999999716
31.19989999998802
31.499899999999798
31.799999999989723
32.11929999999006
32.39994511899886
31.619643515997723
30.839994233997004
30.05960320999202
29.279873150994717
28.499900000004345
27.719499999997424
26.93959999999379
26.159599999994953
25.37999999999556
24.599645119998513
24.959510718000274
25.319514237000476
25.679683864002982
26.039927553004418
26.39949999999999
26.759384794006564
27.11949999999615
27.47949999999946
27.83949999999686
28.199800000002597
27.77906351699994
27.359120171997347
