Workload_ID,    App_ID,SubmitTime,Pr:CPUTime,ResponseTime,
#======================================
#Number of workloads:49
#Timeout workloads:0
#Timeout workloads per cent:0
#Over workloads:0
#Over workloads per cent:0
#Number of Cloudlets:49
#Over Cloudlets:0
#Over Cloudlets per cent:0
#Number of transmissions:0
#Over transmissions:0
#======================================
#Total serve time:229.1891702849878
#CPU serve time:229.1891702849878
#Network serve time:0.0
#Average total serve time:4.677330005816078
#Average CPU serve time per workload:4.677330005816078
#Average network serve time per workload:0.0
#Average CPU serve time per Cloudlet:4.677330005816078
#======================================
0.00999999999999801
0.010000000000005116
0.009999999999990905
0.009999999999990905
0.009999999999990905
0.009999999999990905
0.009999999999990905
0.009999999999990905
0.009999999999990905
0.009999999999990905
0.11999999999989086
0.2400000000000091
0.35999999999989996
0.4800000000000182
0.599999999999909
0.7200000000000273
0.8399999999996908
0.9793999999994867
1.09929999999963
1.199999999999818
1.1998999999993885
1.1997999999991862
1.199999999999136
1.1997999999991862
1.2189999999998236
1.199999999999136
1.199999999999136
1.2187999999991916
1.219199999999546
1.199999999999818
1.319799999999077
1.4397318429973893
1.559899999999061
1.6992029109967461
1.819500000001426
1.9199999999982538
2.039800000000014
2.15970000000425
2.2992999999974018
2.399999999999636
6.179900000001908
9.978845464001097
13.73995727700003
17.51971567600458
21.299800000000687
25.099517114004357
28.85959999999568
32.63969999999745
36.41999999999689
