Workload_ID,    App_ID,SubmitTime,Pr:CPUTime,ResponseTime,
#======================================
#Number of workloads:52
#Timeout workloads:0
#Timeout workloads per cent:0
#Over workloads:0
#Over workloads per cent:0
#Number of Cloudlets:52
#Over Cloudlets:0
#Over Cloudlets per cent:0
#Number of transmissions:0
#Over transmissions:0
#======================================
#Total serve time:440.01623863498344
#CPU serve time:440.01623863498344
#Network serve time:0.0
#Average total serve time:8.46185074298045
#Average CPU serve time per workload:8.46185074298045
#Average network serve time per workload:0.0
#Average CPU serve time per Cloudlet:8.46185074298045
#======================================
13.379800000000031
13.559499999999986
13.739799999999889
13.919999999999277
14.099699999999018
14.279100000000085
14.459800000000257
14.639299999999764
14.819999999994025
14.999199999999973
13.97938815699888
12.960000000000036
11.939899999993258
10.919400000000223
9.918699999998694
8.879500000000121
7.8596999999952
6.839299999996001
5.819699999996601
4.799999999999272
4.9792999999963286
5.159499999996797
5.3392999999962285
5.519799999996394
5.699299999999312
5.879599999995435
6.059299999995801
6.258999999996604
6.419799999996485
6.5999999999989996
6.599999999995589
6.599699999998165
6.599603209997213
6.5990999999974065
6.599500000009812
6.5998000000013235
6.599700000005214
6.599400000010519
6.5997000000006665
6.5999999999989996
6.599900000001526
6.599100000005819
6.617755092002881
6.599807997004973
6.599658716010708
6.599400000000514
6.599699999999757
6.599300000006679
6.5997999999995045
6.5999999999989996
6.95929999999953
7.319325462998677
