Workload_ID,    App_ID,SubmitTime,Pr:CPUTime,ResponseTime,
#======================================
#Number of workloads:39
#Timeout workloads:0
#Timeout workloads per cent:0
#Over workloads:0
#Over workloads per cent:0
#Number of Cloudlets:39
#Over Cloudlets:0
#Over Cloudlets per cent:0
#Number of transmissions:0
#Over transmissions:0
#======================================
#Total serve time:1625.1326152358524
#CPU serve time:1625.1326152358524
#Network serve time:0.0
#Average total serve time:41.67006705732955
#Average CPU serve time per workload:41.67006705732955
#Average network serve time per workload:0.0
#Average CPU serve time per Cloudlet:41.67006705732955
#======================================
37.49980000000032
38.399899999999974
39.29980000000006
40.199899999999616
41.09989999999874
41.99990000000031
42.89990000000074
43.79980000000023
44.69969999999137
45.61950767799942
45.419788156995764
45.23990000000083
45.05989999998974
44.87970000000064
44.6996999999966
44.519900000000575
44.33979999998928
44.15979999998649
43.97979999999052
43.819007677999025
43.6799383959974
43.55997505199662
43.439800000000105
43.31979999998566
43.19969999999671
43.07989999998722
42.959899999999834
42.8398999999888
42.719799999989846
42.5998204779994
41.45959119499821
40.31934191299706
39.17997153799752
38.039973150992864
36.900000000006
35.75989999999638
34.61989999999378
33.47999999999365
32.33999999999514
