Workload_ID,    App_ID,SubmitTime,Pr:CPUTime,ResponseTime,
#======================================
#Number of workloads:42
#Timeout workloads:0
#Timeout workloads per cent:0
#Over workloads:0
#Over workloads per cent:0
#Number of Cloudlets:42
#Over Cloudlets:0
#Over Cloudlets per cent:0
#Number of transmissions:0
#Over transmissions:0
#======================================
#Total serve time:394.926408367919
#CPU serve time:394.926408367919
#Network serve time:0.0
#Average total serve time:9.40300972304569
#Average CPU serve time per workload:9.40300972304569
#Average network serve time per workload:0.0
#Average CPU serve time per Cloudlet:9.40300972304569
#======================================
8.219700000000259
8.039700000000266
7.859699999999805
7.679699999999485
7.51939999999928
7.319800000000043
7.1397000000001185
6.979299999999739
6.79909999999677
6.600000000000023
7.319899999995414
8.03970000000038
8.759899999994445
9.479800000000182
10.219199999998636
10.919800000000237
11.639799999993556
12.35979999999222
13.07989999999404
13.799999999997908
13.139910715997303
12.479723515995147
11.839499999991858
11.159799999992629
10.519299999998566
9.8392999999935
9.199399999993148
8.519999999995662
7.85979999999563
7.199999999998909
7.559799999994766
7.919725461996904
8.279103209996038
8.639599999997245
8.999800000000505
9.359999999999673
9.719200000005003
10.07920000001377
10.439699999999448
10.799999999998363
10.799700000000485
10.799945464001667
