Workload_ID,    App_ID,SubmitTime,Pr:CPUTime,ResponseTime,
#======================================
#Number of workloads:41
#Timeout workloads:0
#Timeout workloads per cent:0
#Over workloads:0
#Over workloads per cent:0
#Number of Cloudlets:41
#Over Cloudlets:0
#Over Cloudlets per cent:0
#Number of transmissions:0
#Over transmissions:0
#======================================
#Total serve time:2019.631663403841
#CPU serve time:2019.631663403841
#Network serve time:0.0
#Average total serve time:49.259308863508316
#Average CPU serve time per workload:49.259308863508316
#Average network serve time per workload:0.0
#Average CPU serve time per Cloudlet:49.259308863508316
#======================================
42.119800000000325
42.8399
43.55980000000008
44.2798999999996
44.99989999999872
45.71990000000034
46.43990000000076
47.15990000000022
47.8796999999912
48.599507677999554
49.19978815699562
49.79990000000089
50.39989999998966
50.99970000000076
51.59969999999646
52.19980000000078
52.79979999998932
53.39959999998587
53.999799999990046
54.59980767799857
53.99951375499768
53.39997505199585
52.79999999999973
52.19979999998509
51.59999999999627
50.99989999998684
50.39989999999989
49.79989999998861
49.199799999989864
48.59992047799915
48.599711193997564
48.599941912996655
48.59950291099699
48.59997315099281
48.6195000000007
48.59989999999607
48.59979999999359
48.59999999999309
48.59999999999491
48.59969024000111
48.0189311969998
