Workload_ID,    App_ID,SubmitTime,Pr:CPUTime,ResponseTime,
#======================================
#Number of workloads:39
#Timeout workloads:0
#Timeout workloads per cent:0
#Over workloads:0
#Over workloads per cent:0
#Number of Cloudlets:39
#Over Cloudlets:0
#Over Cloudlets per cent:0
#Number of transmissions:0
#Over transmissions:0
#======================================
#Total serve time:1706.1310701158457
#CPU serve time:1706.1310701158457
#Network serve time:0.0
#Average total serve time:43.746950515790914
#Average CPU serve time per workload:43.746950515790914
#Average network serve time per workload:0.0
#Average CPU serve time per Cloudlet:43.746950515790914
#======================================
43.55980000000032
43.31989999999999
43.07980000000009
42.8398999999996
42.59989999999874
42.35990000000032
42.11990000000071
41.87940000000026
41.63929999999141
41.39954255899988
41.75928815699592
42.11990000000071
42.4798999999897
42.83970000000056
43.1996999999966
43.55990000000054
43.91979999998921
44.27979999998638
44.6397999999906
45.01900767799907
45.05993839599728
45.119975051996335
45.17979999999989
45.23979999998551
45.29969999999662
45.35989999998719
45.41989999999987
45.479899999988675
45.53979999999001
45.619420477999256
45.23971119399789
44.87964191299693
44.51987153799746
44.15997315099321
43.80000000000018
43.43979999999647
43.07979999999361
42.71999999999343
42.359999999995125
