Workload_ID,    App_ID,SubmitTime,Pr:CPUTime,ResponseTime,
#======================================
#Number of workloads:53
#Timeout workloads:0
#Timeout workloads per cent:0
#Over workloads:0
#Over workloads per cent:0
#Number of Cloudlets:53
#Over Cloudlets:0
#Over Cloudlets per cent:0
#Number of transmissions:0
#Over transmissions:0
#======================================
#Total serve time:914.385004828895
#CPU serve time:914.385004828895
#Network serve time:0.0
#Average total serve time:17.252547260922547
#Average CPU serve time per workload:17.252547260922547
#Average network serve time per workload:0.0
#Average CPU serve time per Cloudlet:17.252547260922547
#======================================
20.759800000000183
21.119899999999888
21.47959999999992
21.839799999999457
22.19919999999877
22.559800000000052
22.919800000000578
23.279299999999978
23.639799999992192
23.999700000000303
22.9196881569967
21.840000000000032
20.759899999990694
19.67999999999995
18.59989999999766
17.519400000000473
16.4396999999924
15.359999999990805
14.279699999993454
13.199999999997999
14.159703684998021
15.119723515994792
16.079899999990857
17.039799999989555
17.99979999999755
18.959399999989728
19.91979999999012
20.87929999999119
21.8397999999911
22.79964511899857
21.71973583499721
20.639986552994515
19.5596032099927
18.479673150996405
17.399200000007568
16.319500000001426
15.239999999996144
14.159999999998035
13.079799999999068
11.999999999998181
11.879300000000967
11.75964546400155
11.639857276999464
11.519799999999577
11.39955871601569
11.279817114007074
11.159999999999854
11.03910000001224
10.919800000002397
10.799399999999878
12.599788806997822
14.399760954997419
16.199817269996856
