Workload_ID,    App_ID,SubmitTime,Pr:CPUTime,ResponseTime,
#======================================
#Number of workloads:41
#Timeout workloads:0
#Timeout workloads per cent:0
#Over workloads:0
#Over workloads per cent:0
#Number of Cloudlets:41
#Over Cloudlets:0
#Over Cloudlets per cent:0
#Number of transmissions:0
#Over transmissions:0
#======================================
#Total serve time:1135.4234843868533
#CPU serve time:1135.4234843868533
#Network serve time:0.0
#Average total serve time:27.693255716752518
#Average CPU serve time per workload:27.693255716752518
#Average network serve time per workload:0.0
#Average CPU serve time per Cloudlet:27.693255716752518
#======================================
27.3583000000003
26.519999999999925
25.679799999999943
24.839299999999525
23.99969999999871
23.159800000000075
22.319800000000555
21.479799999999898
20.639799999992874
19.799700000000144
19.91968815699761
20.039999999999964
20.159899999990785
20.279899999999998
20.398299999997448
20.518300000000636
20.639499999990903
20.759399999989228
20.879699999991544
20.99974255899906
22.079803684996477
23.159375051997813
24.238999999988664
25.319799999987026
26.39969999999721
27.47989999998822
28.559899999999743
29.639899999989893
30.7197999999903
31.79994511899895
32.999643515997604
34.19999423399668
35.39957153799742
36.59947315099316
37.800000000006094
38.999899999996614
40.199899999993704
41.39909999999372
42.59999999999491
43.79929024000057
41.63905713599934
