Workload_ID,    App_ID,SubmitTime,Pr:CPUTime,ResponseTime,
#======================================
#Number of workloads:40
#Timeout workloads:0
#Timeout workloads per cent:0
#Over workloads:0
#Over workloads per cent:0
#Number of Cloudlets:40
#Over Cloudlets:0
#Over Cloudlets per cent:0
#Number of transmissions:0
#Over transmissions:0
#======================================
#Total serve time:830.4504017858482
#CPU serve time:830.4504017858482
#Network serve time:0.0
#Average total serve time:20.761260044646203
#Average CPU serve time per workload:20.761260044646203
#Average network serve time per workload:0.0
#Average CPU serve time per Cloudlet:20.761260044646203
#======================================
22.85980000000022
22.919899999999956
22.979999999999933
23.039799999999502
23.099699999998677
23.159800000000075
23.21980000000059
23.29929999999996
23.339799999992238
23.39970000000028
23.09968815699665
22.799999999999955
22.49989999999036
22.19970000000012
21.899799999997185
21.600000000000023
21.299999999990405
20.99989999998911
20.699699999991708
20.39974255899915
19.739703684997266
19.079723515994147
18.41989999999032
17.759799999989355
17.099799999997686
16.45939999999041
15.779899999990903
15.119699999993145
14.459699999992836
13.799999999997908
15.17953583499866
16.559686552996027
17.93960320999281
19.319673150996096
20.71940000000177
22.079999999999018
23.45959999999468
24.839599999995244
26.219999999995252
27.599645119998513
