Workload_ID,    App_ID,SubmitTime,Pr:CPUTime,ResponseTime,
#======================================
#Number of workloads:52
#Timeout workloads:0
#Timeout workloads per cent:0
#Over workloads:0
#Over workloads per cent:0
#Number of Cloudlets:52
#Over Cloudlets:0
#Over Cloudlets per cent:0
#Number of transmissions:0
#Over transmissions:0
#======================================
#Total serve time:6595.551024566927
#CPU serve time:6595.551024566927
#Network serve time:0.0
#Average total serve time:126.83751970321012
#Average CPU serve time per workload:126.83751970321012
#Average network serve time per workload:0.0
#Average CPU serve time per Cloudlet:126.83751970321012
#======================================
20.39980000000017
20.41939999999991
20.419200000000018
20.419299999999396
20.419199999998966
20.39979999999997
20.399800000000482
20.41929999999985
20.39979999999298
20.399700000000166
20.519688156997404
20.639999999999986
20.759899999990694
20.87970000000007
20.99979999999732
21.120000000000573
21.23999999999046
21.359899999988784
21.479699999991
21.59974255899897
21.719803684996805
21.839623515993026
21.95999999998935
22.079699999987724
22.19969999999762
22.319799999988618
22.4399999999996
22.559799999990673
22.679799999990564
22.79964511899857
640.4754841660001
603.395
566.3745142370008
529.4140214360009
492.5136572769993
455.67348451300313
418.8933521930044
382.17312755300463
345.5130910360044
308.91265871601263
272.01243407500624
234.8122417540062
197.3121171140051
159.51197507100642
121.41150000000016
83.01109999999744
44.310899999994945
20.999899999999798
20.69989999999825
20.39980000000378
20.279535836999912
20.15962655299927
