Workload_ID,    App_ID,SubmitTime,Pr:CPUTime,ResponseTime,
#======================================
#Number of workloads:41
#Timeout workloads:0
#Timeout workloads per cent:0
#Over workloads:0
#Over workloads per cent:0
#Number of Cloudlets:41
#Over Cloudlets:0
#Over Cloudlets per cent:0
#Number of transmissions:0
#Over transmissions:0
#======================================
#Total serve time:202.1997364889582
#CPU serve time:202.1997364889582
#Network serve time:0.0
#Average total serve time:4.93170088997459
#Average CPU serve time per workload:4.93170088997459
#Average network serve time per workload:0.0
#Average CPU serve time per Cloudlet:4.93170088997459
#======================================
0.4192999999999927
0.8583000000000283
1.278999999999968
1.6792999999999267
2.099399999999889
2.5389999999999873
2.939700000000016
3.378199999999879
3.7797999999980902
4.2000000000000455
4.079799999997476
3.959200000000237
3.8396999999977197
3.7199000000002798
3.599499999999466
3.4798000000000684
3.359799999997904
3.2582999999979165
3.119299999998475
2.9999999999995453
2.9998999999979787
3.0186999999982618
2.9998999999977514
2.9992999999981294
3.018799999999601
2.9997999999977765
2.9996999999978016
2.9996999999984837
2.9998999999984335
2.9999999999995453
4.25989999999706
5.519199999999046
6.779603209997276
8.039599999996426
9.299800000000687
10.5596000000005
11.8199999999988
13.079999999999018
14.339799999998831
15.599645119999877
14.279588159000014
