Workload_ID,    App_ID,SubmitTime,Pr:CPUTime,ResponseTime,
#======================================
#Number of workloads:53
#Timeout workloads:0
#Timeout workloads per cent:0
#Over workloads:0
#Over workloads per cent:0
#Number of Cloudlets:53
#Over Cloudlets:0
#Over Cloudlets per cent:0
#Number of transmissions:0
#Over transmissions:0
#======================================
#Total serve time:598.30097461793
#CPU serve time:598.30097461793
#Network serve time:0.0
#Average total serve time:11.288697634300567
#Average CPU serve time per workload:11.288697634300567
#Average network serve time per workload:0.0
#Average CPU serve time per Cloudlet:11.288697634300567
#======================================
13.559800000000038
13.319999999999993
13.079799999999864
12.839999999999293
12.599699999999018
12.360000000000014
12.139200000000187
11.899299999999641
11.639899999994554
11.399999999999977
11.639688156999114
11.879600000000096
12.119899999993208
12.359800000000291
12.619199999998273
12.83980000000031
13.079799999993156
13.338399999991907
13.559899999993831
13.799999999997908
13.139910715997303
12.479723515995147
11.839499999991858
11.159799999992629
10.519299999998566
9.8392999999935
9.199399999993148
8.519999999995662
7.85979999999563
7.199999999998909
7.739799999994602
8.279218430997616
8.819603209995648
9.359999999996944
9.918800000001283
10.43960000000061
10.979999999999109
11.519999999999527
12.059299999999439
12.59999999999809
12.359515838000334
12.119145464001122
11.879857276999246
11.639799999999468
11.39955871601569
11.159817114007183
10.919999999999618
10.699100000012095
10.459300000002713
10.21939999999995
10.079999999999472
9.959799999999177
9.85883617899799
