Workload_ID,    App_ID,SubmitTime,Pr:CPUTime,ResponseTime,
#======================================
#Number of workloads:39
#Timeout workloads:0
#Timeout workloads per cent:0
#Over workloads:0
#Over workloads per cent:0
#Number of Cloudlets:39
#Over Cloudlets:0
#Over Cloudlets per cent:0
#Number of transmissions:0
#Over transmissions:0
#======================================
#Total serve time:896.2055094658373
#CPU serve time:896.2055094658373
#Network serve time:0.0
#Average total serve time:22.979628447841982
#Average CPU serve time per workload:22.979628447841982
#Average network serve time per workload:0.0
#Average CPU serve time per Cloudlet:22.979628447841982
#======================================
15.53980000000007
16.679499999999877
17.819799999999987
18.97959999999938
20.11919999999901
21.239800000000002
22.379800000000557
23.519699999999943
24.65979999999206
25.79970000000037
25.259688156996503
24.719900000000052
24.179899999990198
23.65920000000017
23.11879999999701
22.559999999999945
22.019999999990205
21.479899999988675
20.93969999999149
20.39974255899915
20.459703684997066
20.519623515993544
20.579999999989923
20.639699999988352
20.719199999997727
20.759299999989253
20.819399999989855
20.87929999999119
20.939299999991363
20.999645118998842
22.43973583499701
23.899194233997378
25.319603209991783
26.75937315099509
28.199900000004163
29.639999999997144
31.079899999993813
32.51949999999397
33.959599999995135
