Workload_ID,    App_ID,SubmitTime,Pr:CPUTime,ResponseTime,
#======================================
#Number of workloads:41
#Timeout workloads:0
#Timeout workloads per cent:0
#Over workloads:0
#Over workloads per cent:0
#Number of Cloudlets:41
#Over Cloudlets:0
#Over Cloudlets per cent:0
#Number of transmissions:0
#Over transmissions:0
#======================================
#Total serve time:628.949182742884
#CPU serve time:628.949182742884
#Network serve time:0.0
#Average total serve time:15.340223969338634
#Average CPU serve time per workload:15.340223969338634
#Average network serve time per workload:0.0
#Average CPU serve time per Cloudlet:15.340223969338634
#======================================
14.999800000000064
14.999599999999987
14.999799999999908
14.999999999999318
14.999699999999052
14.999900000000082
14.999800000000278
15.01869999999974
14.999999999993975
15.019199999999955
14.999888156998736
15.0
14.999899999992635
15.0
14.999699999998143
14.999800000000391
14.999799999992547
14.999999999991132
14.999699999993254
15.01924255899985
15.059703684998112
15.119723515994792
15.179899999991221
15.239799999990737
15.299799999997958
15.359899999991285
15.41989999999123
15.479699999993045
15.539799999992738
15.59964511899966
15.659935834998578
15.719686552996109
15.779603209993638
15.839673150996987
15.899700000005396
15.979500000001735
16.01999999999589
16.079999999996744
16.15929999999844
16.199645119999786
16.25973583800078
