Workload_ID,    App_ID,SubmitTime,Pr:CPUTime,ResponseTime,
#======================================
#Number of workloads:51
#Timeout workloads:0
#Timeout workloads per cent:0
#Over workloads:0
#Over workloads per cent:0
#Number of Cloudlets:51
#Over Cloudlets:0
#Over Cloudlets per cent:0
#Number of transmissions:0
#Over transmissions:0
#======================================
#Total serve time:1264.0466778168566
#CPU serve time:1264.0466778168566
#Network serve time:0.0
#Average total serve time:24.785228976801108
#Average CPU serve time per workload:24.785228976801108
#Average network serve time per workload:0.0
#Average CPU serve time per Cloudlet:24.785228976801108
#======================================
28.079800000000304
27.359499999999912
26.63979999999995
25.91989999999953
25.199699999998757
24.479800000000125
23.75980000000061
23.039799999999957
22.319799999992483
21.59970000000021
22.199688156997013
22.799999999999955
23.399899999990225
23.99970000000019
24.619399999996972
25.19990000000007
25.799899999989748
26.399799999987863
26.9997999999905
27.61917023899946
26.279838395998013
24.95977505199744
23.63999999998873
22.319699999987506
21.01919999999768
19.679399999989528
18.379399999990483
17.03969999999208
15.719799999992574
14.399999999997817
15.959935834998532
17.51968655299538
19.079603209992683
20.63967315099626
22.199900000003254
23.7599999999984
25.319599999993898
26.879899999994905
28.439999999995507
30.019290240001283
30.05958351800018
30.119514237000203
30.17958386400278
30.2397600790041
30.29962376700587
30.35997776300701
30.41999999999507
30.479999999998654
30.539999999997235
30.599790240000857
30.05958351599884
