Workload_ID,    App_ID,SubmitTime,Pr:CPUTime,ResponseTime,
#======================================
#Number of workloads:62
#Timeout workloads:0
#Timeout workloads per cent:0
#Over workloads:0
#Over workloads per cent:0
#Number of Cloudlets:62
#Over Cloudlets:0
#Over Cloudlets per cent:0
#Number of transmissions:0
#Over transmissions:0
#======================================
#Total serve time:838.6152942338898
#CPU serve time:838.6152942338898
#Network serve time:0.0
#Average total serve time:13.526053132804675
#Average CPU serve time per workload:13.526053132804675
#Average network serve time per workload:0.0
#Average CPU serve time per Cloudlet:13.526053132804675
#======================================
24.41980000000025
21.839899999999915
19.259300000000025
16.67999999999938
14.099699999999018
11.519600000000025
8.939700000000187
6.359299999999848
3.7797999999980902
1.2000000000000455
3.238799999997923
5.279200000000287
7.319899999995528
9.358800000000201
11.398699999998485
13.438300000000368
15.478799999992589
17.519899999990002
19.55889999999181
21.59974255899897
19.439703684997312
17.279223515994317
15.119899999991276
12.978799999991452
10.799299999998539
8.639399999994339
6.478799999995545
4.319699999997965
2.1591999999989184
0.009999999999990905
0.17899999999985994
0.35899999999969623
0.5399999999997362
0.7189999999995962
0.900000000000091
1.0799999999990177
1.258999999999105
1.4385000000024775
1.6182999999955427
1.7999999999997272
4.919300000000476
8.039999999999054
11.159857276999901
14.2800000000002
17.399764211006186
20.518617114004883
23.639599999997245
26.75999999999931
29.87999999999738
32.99979024000049
31.499983515998792
29.999274231997788
28.499744949996966
26.999595667996346
25.499546385999565
23.999540414996773
22.499947821997466
20.99968778799621
19.499251474996527
17.999047678997613
20.038199999999506
22.0795757009937
