Workload_ID,    App_ID,SubmitTime,Pr:CPUTime,ResponseTime,
#======================================
#Number of workloads:30
#Timeout workloads:0
#Timeout workloads per cent:0
#Over workloads:0
#Over workloads per cent:0
#Number of Cloudlets:30
#Over Cloudlets:0
#Over Cloudlets per cent:0
#Number of transmissions:0
#Over transmissions:0
#======================================
#Total serve time:632.7912030358849
#CPU serve time:632.7912030358849
#Network serve time:0.0
#Average total serve time:21.093040101196163
#Average CPU serve time per workload:21.093040101196163
#Average network serve time per workload:0.0
#Average CPU serve time per Cloudlet:21.093040101196163
#======================================
23.099800000000215
22.79989999999995
22.499999999999915
22.19979999999947
21.919199999998796
21.599800000000016
21.299800000000516
20.99979999999988
20.69979999999282
20.399700000000166
20.339688156997454
20.279999999999973
20.21989999999073
20.159899999999993
20.118299999997475
20.039800000000582
19.97999999999115
19.91989999998964
19.85989999999174
19.79974255899924
20.099703684997166
20.419223515993508
20.699999999989814
21.019299999988107
21.319199999997636
21.599799999988818
21.899999999999864
22.199799999991
22.499799999990728
22.79964511899857
