Workload_ID,    App_ID,SubmitTime,Pr:CPUTime,ResponseTime,
#======================================
#Number of workloads:39
#Timeout workloads:0
#Timeout workloads per cent:0
#Over workloads:0
#Over workloads per cent:0
#Number of Cloudlets:39
#Over Cloudlets:0
#Over Cloudlets per cent:0
#Number of transmissions:0
#Over transmissions:0
#======================================
#Total serve time:1653.6137058158454
#CPU serve time:1653.6137058158454
#Network serve time:0.0
#Average total serve time:42.40035143117552
#Average CPU serve time per workload:42.40035143117552
#Average network serve time per workload:0.0
#Average CPU serve time per Cloudlet:42.40035143117552
#======================================
38.03980000000033
38.879899999999964
39.71980000000008
40.55989999999963
41.39949999999874
42.23990000000032
43.07990000000075
43.91980000000024
44.75969999999131
45.61950767799942
45.599788156995714
45.599900000000844
45.5998999999897
45.59970000000067
45.599699999996574
45.599900000000616
45.59979999998927
45.59979999998632
45.59979999999041
45.599807677999024
44.99993839599733
44.399975051996535
43.799800000000005
43.19979999998577
42.5996999999968
41.99989999998752
41.39989999999989
40.799899999989066
40.19979999998964
39.5999451189989
39.59985713399783
39.59974191299716
39.59997153799759
39.59997315099281
39.59999999999991
39.59979999999632
39.599899999993795
39.59999999999354
39.59999999999491
