Workload_ID,    App_ID,SubmitTime,Pr:CPUTime,ResponseTime,
#======================================
#Number of workloads:53
#Timeout workloads:0
#Timeout workloads per cent:0
#Over workloads:0
#Over workloads per cent:0
#Number of Cloudlets:53
#Over Cloudlets:0
#Over Cloudlets per cent:0
#Number of transmissions:0
#Over transmissions:0
#======================================
#Total serve time:6181.782545783897
#CPU serve time:6181.782545783897
#Network serve time:0.0
#Average total serve time:116.63740652422447
#Average CPU serve time per workload:116.63740652422447
#Average network serve time per workload:0.0
#Average CPU serve time per Cloudlet:116.63740652422447
#======================================
22.799800000000218
22.79989999999995
22.799999999999926
22.799799999999493
22.799199999998677
22.79980000000006
22.799800000000573
22.799799999999948
22.799799999992274
22.799700000000257
22.799688156996694
22.799999999999955
22.799899999990316
22.799700000000144
22.79979999999705
22.799999999999955
22.79999999998995
22.799899999988156
22.799699999990708
22.799742558998787
22.43980368499615
22.079623515992807
21.71999999998934
21.359299999988025
20.9991999999977
20.639299999989362
20.279799999990246
19.91969999999128
19.559699999991608
19.199645118999115
627.1665635190006
586.9665311969993
547.0659999999998
507.46591423700056
468.1656478550003
429.1646572770014
390.46458386400263
352.06365922400346
313.9630000000002
276.1620833570055
238.36178885100435
200.56100000000015
162.76574175400583
124.96489999999858
87.16488479400732
49.36447507100729
22.19979999999714
22.199899999999616
22.199899999997342
22.199800000003506
22.259935836999375
22.319873142997494
22.379802767995898
