Workload_ID,    App_ID,SubmitTime,Pr:CPUTime,ResponseTime,
#======================================
#Number of workloads:49
#Timeout workloads:0
#Timeout workloads per cent:0
#Over workloads:0
#Over workloads per cent:0
#Number of Cloudlets:49
#Over Cloudlets:0
#Over Cloudlets per cent:0
#Number of transmissions:0
#Over transmissions:0
#======================================
#Total serve time:1986.0436055598616
#CPU serve time:1986.0436055598616
#Network serve time:0.0
#Average total serve time:40.53150215428289
#Average CPU serve time per workload:40.53150215428289
#Average network serve time per workload:0.0
#Average CPU serve time per Cloudlet:40.53150215428289
#======================================
38.45980000000033
39.11989999999997
39.77980000000008
40.439899999999625
41.09989999999874
41.75950000000029
42.41990000000072
43.079800000000205
43.73969999999133
44.41950767799949
44.939788156995746
45.47990000000084
46.01989999998966
46.5597000000007
47.09929999999645
47.63930000000073
48.179299999989325
48.7195999999858
49.259799999990264
49.799807677998615
49.73993839599689
49.679975051995825
49.61999999999966
49.559799999985216
49.49999999999636
49.43989999998689
49.37989999999991
49.31989999998859
49.25979999998981
49.19992047799906
46.01931119399774
42.83964191299697
39.659571537997635
36.47947315099327
33.29950000000508
30.119999999997162
26.93959999999379
23.75929999999471
20.57949999999755
17.399645119999605
20.298035838000942
23.17816611200078
26.039683864002654
28.919927553003618
31.79993407500615
34.67987776300697
37.55979999999499
40.43959999999743
43.319799999997485
