Workload_ID,    App_ID,SubmitTime,Pr:CPUTime,ResponseTime,
#======================================
#Number of workloads:33
#Timeout workloads:0
#Timeout workloads per cent:0
#Over workloads:0
#Over workloads per cent:0
#Number of Cloudlets:33
#Over Cloudlets:0
#Over Cloudlets per cent:0
#Number of transmissions:0
#Over transmissions:0
#======================================
#Total serve time:17840.414503165946
#CPU serve time:17840.414503165946
#Network serve time:0.0
#Average total serve time:540.618621308059
#Average CPU serve time per workload:540.618621308059
#Average network serve time per workload:0.0
#Average CPU serve time per Cloudlet:540.618621308059
#======================================
46.49980000000032
46.199899999999985
45.899800000000056
45.59989999999959
45.29989999999873
44.99990000000031
44.69990000000075
44.399800000000255
44.099699999991344
43.7990076779995
44.39978815699578
44.99990000000082
45.5998999999897
46.19970000000069
46.79969999999639
47.39890000000071
47.99879999998916
48.598799999985886
49.19979999999032
1315.4531388780006
43.67974785500064
1353.5988234210026
1343.6378275530042
1333.7971663950048
1324.0768999999987
1314.4768750710073
1304.995899999995
1295.6349999999975
1286.3949999999963
1277.2746000000034
1268.2743999999989
1258.4935318449984
1247.9326963129975
