Workload_ID,    App_ID,SubmitTime,Pr:CPUTime,ResponseTime,
#======================================
#Number of workloads:40
#Timeout workloads:0
#Timeout workloads per cent:0
#Over workloads:0
#Over workloads per cent:0
#Number of Cloudlets:40
#Over Cloudlets:0
#Over Cloudlets per cent:0
#Number of transmissions:0
#Over transmissions:0
#======================================
#Total serve time:1961.091927985844
#CPU serve time:1961.091927985844
#Network serve time:0.0
#Average total serve time:49.0272981996461
#Average CPU serve time per workload:49.0272981996461
#Average network serve time per workload:0.0
#Average CPU serve time per Cloudlet:49.0272981996461
#======================================
56.459800000000314
56.51989999999995
56.57980000000006
56.63989999999967
56.699899999998706
56.75990000000036
56.81990000000076
56.87990000000025
56.93999999999107
56.99960554699942
56.03928815699567
55.079400000000874
54.11989999998957
53.159700000000726
52.19969999999648
51.23980000000074
50.279799999989336
49.31959999998571
48.3597999999904
47.39980767799875
46.619938395996996
45.83997505199636
45.059799999999996
44.2797999999857
43.499699999996665
42.71989999998732
41.93989999999985
41.159899999988966
40.3797999999897
39.5999451189989
40.499591194998175
41.39954191299694
42.29987153799743
43.199573150993274
44.100000000000364
44.99979999999641
45.89979999999332
46.799999999992906
47.699999999994816
48.59969024000111
