Workload_ID,    App_ID,SubmitTime,Pr:CPUTime,ResponseTime,
#======================================
#Number of workloads:40
#Timeout workloads:0
#Timeout workloads per cent:0
#Over workloads:0
#Over workloads per cent:0
#Number of Cloudlets:40
#Over Cloudlets:0
#Over Cloudlets per cent:0
#Number of transmissions:0
#Over transmissions:0
#======================================
#Total serve time:1220.0908187528537
#CPU serve time:1220.0908187528537
#Network serve time:0.0
#Average total serve time:30.502270468821344
#Average CPU serve time per workload:30.502270468821344
#Average network serve time per workload:0.0
#Average CPU serve time per Cloudlet:30.502270468821344
#======================================
30.779800000000307
30.959999999999923
31.139800000000008
31.319899999999564
31.49989999999866
31.679800000000284
31.85980000000069
32.039800000000014
32.2191999999917
32.39994255899967
31.919688156996358
31.439900000000307
30.959499999989816
30.479700000000435
29.999699999996665
29.519900000000234
29.039799999989555
28.55939999998759
28.079699999990225
27.599170238999477
28.079738395997765
28.5599750519973
29.039799999999786
29.519799999986844
29.999899999997297
30.479899999987992
30.959899999999834
31.43989999998962
31.91979999999012
32.39994511899886
32.03964351599757
31.679994233996922
31.319403209991833
30.9598731509941
30.59990000000471
30.239999999997053
29.879999999993743
29.519899999994323
29.15999999999576
28.799045120000756
