Workload_ID,    App_ID,SubmitTime,Pr:CPUTime,ResponseTime,
#======================================
#Number of workloads:39
#Timeout workloads:0
#Timeout workloads per cent:0
#Over workloads:0
#Over workloads per cent:0
#Number of Cloudlets:39
#Over Cloudlets:0
#Over Cloudlets per cent:0
#Number of transmissions:0
#Over transmissions:0
#======================================
#Total serve time:1098.2909686828443
#CPU serve time:1098.2909686828443
#Network serve time:0.0
#Average total serve time:28.1613068893037
#Average CPU serve time per workload:28.1613068893037
#Average network serve time per workload:0.0
#Average CPU serve time per Cloudlet:28.1613068893037
#======================================
34.91980000000032
33.83949999999996
32.75980000000004
31.679899999999577
30.599899999998627
29.51980000000026
28.439800000000616
27.359999999999957
26.279699999991976
25.199700000000348
24.71968815699654
24.23950000000002
23.75989999999024
23.27970000000016
22.79979999999705
22.32000000000005
21.83999999999037
21.359899999988784
20.879699999991544
20.39974255899915
21.839803684996696
23.27977505199783
24.71979999998871
26.159799999986944
27.599899999997206
29.039899999988165
30.479899999999816
31.919999999989614
33.35929999999007
34.79994511899895
34.259243515997696
33.71959423399653
33.17940320999173
32.639473150994036
32.09950000000481
31.559999999996762
31.019899999993868
30.479899999993904
29.939999999995507
