Workload_ID,    App_ID,SubmitTime,Pr:CPUTime,ResponseTime,
#======================================
#Number of workloads:49
#Timeout workloads:0
#Timeout workloads per cent:0
#Over workloads:0
#Over workloads per cent:0
#Number of Cloudlets:49
#Over Cloudlets:0
#Over Cloudlets per cent:0
#Number of transmissions:0
#Over transmissions:0
#======================================
#Total serve time:5970.005573919905
#CPU serve time:5970.005573919905
#Network serve time:0.0
#Average total serve time:121.836848447345
#Average CPU serve time per workload:121.836848447345
#Average network serve time per workload:0.0
#Average CPU serve time per Cloudlet:121.836848447345
#======================================
17.339800000000096
18.47989999999993
19.619700000000023
20.77929999999941
21.919199999998796
23.03980000000007
24.179800000000625
25.319999999999936
26.459699999991926
27.59970000000044
26.81968815699645
26.039900000000102
25.259899999990125
24.479700000000207
23.719399999996995
22.91999999999996
22.139999999990096
21.359899999988784
20.579699999991817
613.8006
573.6599451189988
533.5799204779992
493.5785158359986
453.6184435159978
413.71828095599744
373.87818655299657
334.0979942339966
294.37766849899754
254.71760320999397
215.1175715379975
176.5973029109971
139.1572731509964
102.79707315099313
67.51679999999988
33.31950000000552
26.87999999999738
27.95999999999367
29.03989999999476
30.119999999995343
31.19969024000102
31.91968351800051
32.63971423700059
33.3598234210026
34.079783357004544
34.819534075006686
35.519877763007116
36.239799999995284
36.95999999999731
37.67999999999665
