Workload_ID,    App_ID,SubmitTime,Pr:CPUTime,ResponseTime,
#======================================
#Number of workloads:99
#Timeout workloads:0
#Timeout workloads per cent:0
#Over workloads:0
#Over workloads per cent:0
#Number of Cloudlets:99
#Over Cloudlets:0
#Over Cloudlets per cent:0
#Number of transmissions:0
#Over transmissions:0
#======================================
#Total serve time:911879.9515129945
#CPU serve time:911879.9515129945
#Network serve time:0.0
#Average total serve time:9210.908601141358
#Average CPU serve time per workload:9210.908601141358
#Average network serve time per workload:0.0
#Average CPU serve time per Cloudlet:9210.908601141358
#======================================
480.0
480.0
839.9995064969996
839.9995064969996
1199.9995
1199.9995
1559.9995
1559.9995
1919.9995
1919.9995
2279.9995
2279.9995
2639.9995
2639.9995
2999.9995
2999.9995
3359.9995
3359.9995
3719.9995
3719.9995
4079.9995
4079.9995
4439.9995
4439.9995
4799.9995
4799.9995
5159.9995
5159.9995
5519.9995
5519.9995
5879.9995
5879.9995
6239.9995
6239.9995
6599.9995
6599.9995
6959.9995
6959.9995
7319.9995
7319.9995
7679.9995
7679.9995
8039.9995
8039.9995
8399.9995
8399.9995
8759.9995
8759.9995
9119.9995
9119.9995
9479.9995
9479.9995
9839.9995
9839.9995
10199.9995
10199.9995
10559.9995
10559.9995
10919.9995
10919.9995
11279.9995
11279.9995
11639.9995
11639.9995
11999.9995
11999.9995
12359.9995
12359.999499999998
12719.999499999998
12719.999499999998
13079.999499999998
13079.999499999998
13439.999499999998
13439.999499999998
13799.999499999998
13799.999499999998
14159.999499999998
14159.999499999998
14519.999499999998
14519.999499999998
14879.999499999998
14879.999499999998
15239.999499999998
15239.999499999998
15599.999499999998
15599.999499999998
15959.999499999998
15959.999499999998
16319.999499999998
16319.999499999998
16679.999499999998
16679.999499999998
17039.999499999998
17039.999499999998
17399.999499999998
17399.999499999998
17759.999499999998
17759.999499999998
18119.999499999998
