Workload_ID,    App_ID,SubmitTime,Pr:CPUTime,ResponseTime,
#======================================
#Number of workloads:84
#Timeout workloads:1347
#Timeout workloads per cent:0
#Over workloads:0
#Over workloads per cent:0
#Number of Cloudlets:84
#Over Cloudlets:0
#Over Cloudlets per cent:0
#Number of transmissions:0
#Over transmissions:0
#======================================
#Total serve time:833.126890533217
#CPU serve time:833.126890533217
#Network serve time:0.0
#Average total serve time:9.918177268252583
#Average CPU serve time per workload:9.918177268252583
#Average network serve time per workload:0.0
#Average CPU serve time per Cloudlet:9.918177268252583
#======================================
10.199700000000348
10.199599999999975
10.199799999999811
10.219199999999319
10.21829999999909
10.219200000000058
10.19970000000012
10.219299999999635
10.199899999994955
10.200000000000045
9.419699999994805
8.63952672399796
7.859765290995028
7.079900000000066
6.3192999999992026
5.539200000000164
4.739599999997154
3.9596999999976106
3.199299999998402
2.399999999999636
3.299899999997706
4.19969999999762
5.099299999996447
5.9997999999959575
6.918299999999135
7.799599999994143
8.699799999993502
9.599599999994325
10.499999999994088
11.399999999998272
12.479990716999282
13.559929284996315
14.639655570995501
15.719971486992563
16.81920000001992
17.87999999999829
18.959999999996853
20.039300000011735
21.11989999999605
22.199642560000484
20.639928158998828
19.07975184599536
17.5198885019945
15.959999999999127
14.39970000001722
12.839999999998781
11.27929999999742
9.719200000016826
8.159499999999298
6.5999999999989996
6.719900000006419
6.858700000004319
6.95960067400074
7.09922130000723
7.21940000001041
7.319700000000466
7.4397000000035405
7.579500000016196
7.679700000006051
7.799999999998818
8.039999999999054
8.279999999998836
8.51971106299925
8.759649630001604
8.99969331701368
9.239517209000951
9.47970000000214
9.720000000001164
9.979000000001179
10.199999999999818
9.959900000037123
9.738700000005338
9.479643218012825
9.23964581402106
9.01901653402183
8.759700000006887
8.519900000015696
8.298700000014833
8.039600000000974
7.800000000000182
8.27990000003956
8.778437005001251
9.239806592004243
9.719698035005422
