Workload_ID,    App_ID,SubmitTime,Pr:CPUTime,ResponseTime,
#======================================
#Number of workloads:59
#Timeout workloads:1372
#Timeout workloads per cent:0
#Over workloads:0
#Over workloads per cent:0
#Number of Cloudlets:59
#Over Cloudlets:0
#Over Cloudlets per cent:0
#Number of transmissions:0
#Over transmissions:0
#======================================
#Total serve time:942.6839270929117
#CPU serve time:942.6839270929117
#Network serve time:0.0
#Average total serve time:15.977693679540877
#Average CPU serve time per workload:15.977693679540877
#Average network serve time per workload:0.0
#Average CPU serve time per Cloudlet:15.977693679540877
#======================================
17.759800000000112
17.519899999999893
17.279799999999966
17.039599999999382
16.79969999999912
16.559700000000134
16.319800000000328
16.079999999999757
15.839999999993779
15.599699999999984
15.839703684998426
16.099442251998198
16.319765290992564
16.559883233996743
16.818699999997875
17.039400000000455
17.279699999992317
17.519799999990482
17.759899999992513
17.99964255899954
17.45989856499773
16.919399999990446
16.379899999990585
15.859399999990046
15.299799999997958
14.759999999990441
14.219899999991867
13.679999999992788
13.139799999993102
12.59999999999809
12.839990716999182
13.079929284996751
13.319655570995792
13.559971486994073
13.79970000001731
14.0399999999986
14.279899999999088
14.519700000014382
14.759699999999157
15.019242560000293
15.239828158999899
15.479651845997068
15.719888501996138
15.959999999999127
16.19970000001831
16.45919999999751
16.679399999994985
16.919500000000426
17.159599999999045
17.39964256000121
17.33976884599997
17.279900000000453
17.219800673998634
17.159321300000556
17.09980000001815
17.039699999997993
16.97979999999825
16.919899999996687
16.859699999998156
