Workload_ID,    App_ID,SubmitTime,Pr:CPUTime,ResponseTime,
#======================================
#Number of workloads:69
#Timeout workloads:1362
#Timeout workloads per cent:0
#Over workloads:0
#Over workloads per cent:0
#Number of Cloudlets:69
#Over Cloudlets:0
#Over Cloudlets per cent:0
#Number of transmissions:0
#Over transmissions:0
#======================================
#Total serve time:1975.323204689855
#CPU serve time:1975.323204689855
#Network serve time:0.0
#Average total serve time:28.62787253173703
#Average CPU serve time per workload:28.62787253173703
#Average network serve time per workload:0.0
#Average CPU serve time per Cloudlet:28.62787253173703
#======================================
17.339800000000096
18.47989999999993
19.619700000000023
20.77929999999941
21.919199999998796
23.03980000000007
24.179800000000625
25.319999999999936
26.459699999991926
27.59970000000044
26.819833924998534
26.039909921997832
25.259909147995927
24.479800000000182
23.719399999996995
22.93960000000004
22.139999999990323
21.359799999989264
20.579699999991817
19.799642558999267
19.85989856499714
19.91979999998921
19.979899999989584
20.0593999999885
20.119199999998045
20.15989999998851
20.21969999999078
20.27969999999027
20.33989999999153
20.399645118998933
21.47969071699731
22.559943550998696
23.639987238997946
24.719871486990087
25.799700000026405
26.87999999999238
27.959999999994125
29.040000000010878
30.11989999999423
31.19964255999912
31.919707929999277
32.639846496998416
33.35962979899841
34.079999999994016
34.79970000002504
35.51999999999498
36.239899999991394
36.9597999999969
37.67969999999423
38.39998768000032
38.51974880700027
38.639614404999975
38.759600673995465
38.879689627999596
38.99971591300164
39.119999999992615
39.23979999999574
39.359699999993154
39.479999999995016
39.59969023999929
38.57983071899935
37.559670583997104
36.539681301999735
35.519617957999344
34.49978055301381
33.499417208996874
32.4596999999967
31.439699999993536
30.419700000017656
