Workload_ID,    App_ID,SubmitTime,Pr:CPUTime,ResponseTime,
#======================================
#Number of workloads:50
#Timeout workloads:1381
#Timeout workloads per cent:0
#Over workloads:0
#Over workloads per cent:0
#Number of Cloudlets:50
#Over Cloudlets:0
#Over Cloudlets per cent:0
#Number of transmissions:0
#Over transmissions:0
#======================================
#Total serve time:2855.9851487938427
#CPU serve time:2855.9851487938427
#Network serve time:0.0
#Average total serve time:57.119702975876855
#Average CPU serve time per workload:57.119702975876855
#Average network serve time per workload:0.0
#Average CPU serve time per Cloudlet:57.119702975876855
#======================================
57.47980000000031
57.35989999999995
57.23980000000006
57.11989999999969
56.99989999999872
56.87990000000036
56.759900000000755
56.63990000000024
56.519999999991114
56.39934047799943
56.39900416399814
56.399247850997426
56.399614905997055
56.399800000000596
56.399699999996415
56.39980000000082
56.399799999989
56.39999999998622
56.39979999999014
56.399340477998294
56.51939904399751
56.639899999985346
56.75999999998794
56.87969999998563
56.99999999999636
57.11979999998562
57.239699999989625
57.35989999998765
57.479899999990266
57.59926815899985
57.59901375799973
57.59961187899853
57.59975556699942
57.59984684599658
57.59980000002861
57.59969999999066
57.59989999999243
57.599799999999505
57.599499999992986
57.59906303900061
57.59927816900017
57.599621856998965
57.599629798998194
57.59999999999354
57.59970000002659
57.599999999995816
57.59989999999061
57.59979999999496
57.59959999999455
57.599612799999704
