Workload_ID,    App_ID,SubmitTime,Pr:CPUTime,ResponseTime,
#======================================
#Number of workloads:50
#Timeout workloads:1381
#Timeout workloads per cent:0
#Over workloads:0
#Over workloads per cent:0
#Number of Cloudlets:50
#Over Cloudlets:0
#Over Cloudlets per cent:0
#Number of transmissions:0
#Over transmissions:0
#======================================
#Total serve time:1412.980375049862
#CPU serve time:1412.980375049862
#Network serve time:0.0
#Average total serve time:28.25960750099724
#Average CPU serve time per workload:28.25960750099724
#Average network serve time per workload:0.0
#Average CPU serve time per Cloudlet:28.25960750099724
#======================================
27.3583000000003
26.519999999999925
25.679799999999943
24.839299999999525
23.99969999999871
23.159800000000075
22.319800000000555
21.479799999999898
20.639799999992874
19.799700000000144
19.919903684997507
20.039942251998355
20.1599091479967
20.279883233996884
20.398299999997448
20.51840000000061
20.63949999999113
20.759299999989707
20.879699999991544
20.999642558999085
22.07999856499646
23.15969999998765
24.238999999987982
25.319899999987456
26.399699999997665
27.479799999987108
28.559699999990244
29.639999999989186
30.719899999990275
31.799645118999706
32.999538397998776
34.19954355099708
35.399720690999175
36.59954684599825
37.79980000002752
38.99989999999116
40.19989999999325
41.39909999999918
42.59999999999354
43.7992179200005
41.63928351799996
39.47942720499941
37.319629798997994
35.15999999999394
32.99970000002486
30.839999999996053
28.6793999999918
26.519799999999123
24.359399999995276
22.199642560000484
