Workload_ID,    App_ID,SubmitTime,Pr:CPUTime,ResponseTime,
#======================================
#Number of workloads:51
#Timeout workloads:1380
#Timeout workloads per cent:0
#Over workloads:0
#Over workloads per cent:0
#Number of Cloudlets:51
#Over Cloudlets:0
#Over Cloudlets per cent:0
#Number of transmissions:0
#Over transmissions:0
#======================================
#Total serve time:987.1870927348837
#CPU serve time:987.1870927348837
#Network serve time:0.0
#Average total serve time:19.35660966146831
#Average CPU serve time per workload:19.35660966146831
#Average network serve time per workload:0.0
#Average CPU serve time per Cloudlet:19.35660966146831
#======================================
20.45930000000017
19.919499999999942
19.379800000000017
18.839999999999407
18.299699999999063
17.75970000000018
17.21980000000036
16.67999999999978
16.139999999993734
15.599699999999984
16.019703684998376
16.439942251998218
16.859765290992414
17.279983233996745
17.699899999997797
18.119900000000484
18.53969999999208
18.959799999990082
19.37989999999195
19.799642558999267
19.739898564997247
19.679799999989427
19.61989999998991
19.579499999988684
19.519299999997884
19.439999999988686
19.37969999999109
19.319899999990866
19.259699999992108
19.199645118999115
19.61969071699741
20.039729284993655
20.45958723899821
20.899471486991843
21.31930000002467
21.719599999995353
22.13999999999578
22.559800000011364
22.97989999999527
23.399642560000302
22.799928158997773
22.19996802300011
21.599683153998285
20.999599999996462
20.399200000020755
19.7996999999973
19.19989999999416
18.59990000000016
17.99999999999818
17.39964256000121
16.919768846000352
