Workload_ID,    App_ID,SubmitTime,Pr:CPUTime,ResponseTime,
#======================================
#Number of workloads:40
#Timeout workloads:1391
#Timeout workloads per cent:0
#Over workloads:0
#Over workloads per cent:0
#Number of Cloudlets:40
#Over Cloudlets:0
#Over Cloudlets per cent:0
#Number of transmissions:0
#Over transmissions:0
#======================================
#Total serve time:1994.6856704738534
#CPU serve time:1994.6856704738534
#Network serve time:0.0
#Average total serve time:49.867141761846334
#Average CPU serve time per workload:49.867141761846334
#Average network serve time per workload:0.0
#Average CPU serve time per Cloudlet:49.867141761846334
#======================================
52.67980000000033
51.959899999999976
51.23980000000006
50.519899999999666
49.79989999999873
49.07990000000035
48.35990000000078
47.63990000000024
46.91969999999117
46.199337916999525
45.89975136399778
45.59971057999769
45.299765120996994
44.99980000000062
44.6996999999966
44.39990000000057
44.099799999989045
43.79969999998684
43.49979999999073
43.19957023899906
44.57973071599713
45.959899999985964
47.33879999998817
48.719699999986005
50.099999999996726
51.479799999985744
52.859699999989516
54.23889999998755
55.61889999999016
56.999543686999914
56.579013757999746
56.159611878998476
55.738755566999316
55.31884684599663
54.89980000002879
54.47969999999077
54.05989999999247
53.63989999999967
53.21999999999298
52.799632800000836
