Workload_ID,    App_ID,SubmitTime,Pr:CPUTime,ResponseTime,
#======================================
#Number of workloads:51
#Timeout workloads:1380
#Timeout workloads per cent:0
#Over workloads:0
#Over workloads per cent:0
#Number of Cloudlets:51
#Over Cloudlets:0
#Over Cloudlets per cent:0
#Number of transmissions:0
#Over transmissions:0
#======================================
#Total serve time:1049.3822514718786
#CPU serve time:1049.3822514718786
#Network serve time:0.0
#Average total serve time:20.57612257787997
#Average CPU serve time per workload:20.57612257787997
#Average network serve time per workload:0.0
#Average CPU serve time per Cloudlet:20.57612257787997
#======================================
22.739800000000216
22.679899999999947
22.61999999999992
22.559799999999484
22.519199999998705
22.439800000000048
22.379800000000557
22.31979999999993
22.259799999992538
22.199700000000234
22.07990368499702
21.959551194997857
21.83990914799631
21.719800000000077
21.59979999999723
21.479600000000005
21.359999999990578
21.239799999989373
21.119699999991326
20.999642558999085
20.819898564996947
20.639699999989034
20.478399999989506
20.279399999988527
20.099199999998064
19.919899999988502
19.73969999999099
19.559899999990876
19.379699999992
19.199645118999115
19.139690716997393
19.079729284994073
19.019587238998838
18.959871486990778
18.899700000021312
18.839999999997417
18.779999999997017
18.719800000012583
18.65969999999743
18.59964256000103
18.8398281589989
19.07975184599536
19.319888501994228
19.559999999997217
19.81870000002027
20.05869999999777
20.29889999999432
20.538700000000972
20.759899999997288
20.999642560000666
21.17976884599966
