Workload_ID,    App_ID,SubmitTime,Pr:CPUTime,ResponseTime,
#======================================
#Number of workloads:74
#Timeout workloads:1357
#Timeout workloads per cent:0
#Over workloads:0
#Over workloads per cent:0
#Number of Cloudlets:74
#Over Cloudlets:0
#Over Cloudlets per cent:0
#Number of transmissions:0
#Over transmissions:0
#======================================
#Total serve time:415.86466090107564
#CPU serve time:415.86466090107564
#Network serve time:0.0
#Average total serve time:5.6197927148794005
#Average CPU serve time per workload:5.6197927148794005
#Average network serve time per workload:0.0
#Average CPU serve time per Cloudlet:5.6197927148794005
#======================================
30.299800000000303
27.59949999999992
24.899799999999942
22.19979999999947
19.518699999999058
16.799200000000155
14.099800000000243
11.399699999999655
8.698999999995635
6.0
5.759799999996517
5.519200000000296
5.279365290996793
5.039400000000342
4.7998999999992975
4.559800000000109
4.319599999997536
4.098699999997507
3.8396999999977197
3.5999999999994543
3.5996999999974832
3.5991999999980635
3.5998999999972057
3.599299999997811
3.5997999999995045
3.599799999997458
3.599699999997256
3.599199999998291
3.59999999999809
3.5999999999994543
3.4782999999977164
3.3592999999980293
3.2395999999978358
3.1195714869984386
2.9995000000026266
2.879899999998088
2.7598000000002685
2.639200000004621
2.5187000000096305
2.399999999999636
2.5196999999998297
2.6394000000050255
2.7597000000014305
2.879699999998593
3.018500000003314
3.1199999999971624
3.239899999998215
3.3587000000052285
3.4787000000087573
3.5999999999994543
3.599200000003748
3.599700000005214
3.5997999999990498
3.599721300000965
3.599400000003243
3.5990999999999076
3.5996000000013737
3.599300000004405
3.599400000000969
3.5999999999994543
3.659899999999652
3.7197000000041953
3.7799999999992906
3.8394566610004404
3.8992933170043216
3.9599999999995816
4.019700000000739
4.098700000005465
4.139800000021751
4.199999999999818
4.1393000000098255
4.079800000001342
4.019800000012765
3.978452845013635
