Workload_ID,    App_ID,SubmitTime,Pr:CPUTime,ResponseTime,
#======================================
#Number of workloads:39
#Timeout workloads:1392
#Timeout workloads per cent:0
#Over workloads:0
#Over workloads per cent:0
#Number of Cloudlets:39
#Over Cloudlets:0
#Over Cloudlets per cent:0
#Number of transmissions:0
#Over transmissions:0
#======================================
#Total serve time:827.7524909458742
#CPU serve time:827.7524909458742
#Network serve time:0.0
#Average total serve time:21.224422844766007
#Average CPU serve time per workload:21.224422844766007
#Average network serve time per workload:0.0
#Average CPU serve time per Cloudlet:21.224422844766007
#======================================
12.299800000000005
13.199999999999989
14.099799999999874
14.999999999999318
15.899699999999086
16.819200000000137
17.69980000000038
18.599999999999852
19.499999999993065
20.399700000000166
20.59950368499733
20.75995119499794
20.93990914799656
21.119800000000055
21.299799999997276
21.499599999999987
21.659999999990532
21.839799999989054
22.019699999990962
22.199642558998903
22.619998564996195
23.03969999998776
23.459999999988213
23.87989999998763
24.299699999997756
24.719699999987142
25.139799999990373
25.559899999989057
25.97989999999072
26.39964511899825
25.67963839799927
24.959943550998332
24.239987238998083
23.519871486990723
22.799700000025496
22.079999999994925
21.359999999996035
20.639700000011544
19.919699999996283
