Workload_ID,    App_ID,SubmitTime,Pr:CPUTime,ResponseTime,
#======================================
#Number of workloads:40
#Timeout workloads:1391
#Timeout workloads per cent:0
#Over workloads:0
#Over workloads per cent:0
#Number of Cloudlets:40
#Over Cloudlets:0
#Over Cloudlets per cent:0
#Number of transmissions:0
#Over transmissions:0
#======================================
#Total serve time:986.8454667838786
#CPU serve time:986.8454667838786
#Network serve time:0.0
#Average total serve time:24.671136669596965
#Average CPU serve time per workload:24.671136669596965
#Average network serve time per workload:0.0
#Average CPU serve time per Cloudlet:24.671136669596965
#======================================
19.33930000000015
18.839899999999943
18.359800000000007
17.899599999999396
17.419299999999055
16.93920000000014
16.459300000000326
15.959999999999752
15.479999999993879
15.019199999999955
16.45920368499833
17.879942251998273
19.319916178996777
20.759400000000028
22.19979999999714
23.65910000000008
25.079899999989493
26.51929999998788
27.95969999999079
29.39977023899928
29.939630715997964
30.479899999986856
31.01979999998798
31.559699999986606
32.099499999997306
32.63939999998661
33.17929999999001
33.719499999988784
34.259499999989885
34.799645118999706
33.239538397998786
31.67994355099745
30.119987238997965
28.559946845999548
26.999700000026678
25.43999999999278
23.879999999994652
22.319800000011583
20.75939999999582
19.19964256000094
