Workload_ID,    App_ID,SubmitTime,Pr:CPUTime,ResponseTime,
#======================================
#Number of workloads:69
#Timeout workloads:1362
#Timeout workloads per cent:0
#Over workloads:0
#Over workloads per cent:0
#Number of Cloudlets:69
#Over Cloudlets:0
#Over Cloudlets per cent:0
#Number of transmissions:0
#Over transmissions:0
#======================================
#Total serve time:2118.383318605851
#CPU serve time:2118.383318605851
#Network serve time:0.0
#Average total serve time:30.701207516026827
#Average CPU serve time per workload:30.701207516026827
#Average network serve time per workload:0.0
#Average CPU serve time per Cloudlet:30.701207516026827
#======================================
48.119800000000325
44.63989999999998
41.15940000000009
37.67989999999958
34.199899999998706
30.719800000000248
27.239800000000628
23.759999999999934
20.279799999992974
16.79970000000003
17.81970368499799
18.83994225199831
19.85990914799686
20.879800000000046
21.899799999997185
22.93960000000004
23.93989999998962
24.95969999998806
25.979799999990973
26.99964255899863
25.79967791699778
24.59969999998725
23.399999999988268
22.19989999998802
21.01929999999811
19.79989999998861
18.599699999991117
17.39989999999125
16.199699999993072
14.999645118999752
17.939690716997802
20.879243550999036
23.81998723899801
26.759471486989696
29.69970000002695
32.63999999999169
35.57989999999381
38.51959999999917
41.45959999999377
44.4192179200013
43.85980351800026
43.319827204999
42.77962979899803
42.239999999993415
41.69970000002604
41.159899999995105
40.6198999999915
40.07979999999634
39.53999999999451
38.99998768000023
38.03974880700025
37.07961440500003
36.11960067399559
35.159689627999796
34.219215913001335
33.23999999999296
32.27979999999616
31.3196999999941
30.359999999996035
29.39994512000021
30.23983071900011
31.079670583997995
31.91970020899862
32.75982498899975
33.6193805530138
34.43981720899683
35.27979999999661
36.119999999992615
36.95980000001873
