Workload_ID,    App_ID,SubmitTime,Pr:CPUTime,ResponseTime,
#======================================
#Number of workloads:93
#Timeout workloads:1338
#Timeout workloads per cent:0
#Over workloads:0
#Over workloads per cent:0
#Number of Cloudlets:93
#Over Cloudlets:0
#Over Cloudlets per cent:0
#Number of transmissions:0
#Over transmissions:0
#======================================
#Total serve time:586.7541077512982
#CPU serve time:586.7541077512982
#Network serve time:0.0
#Average total serve time:6.309183954315034
#Average CPU serve time per workload:6.309183954315034
#Average network serve time per workload:0.0
#Average CPU serve time per Cloudlet:6.309183954315034
#======================================
4.939000000000007
5.0587000000001865
5.159299999999888
5.279199999999719
5.399399999999559
5.519799999999975
5.6397000000001185
5.759299999999882
5.879199999997127
6.0
5.759799999996517
5.519200000000296
5.279365290996793
5.039400000000342
4.7998999999992975
4.559800000000109
4.319599999997536
4.098699999997507
3.8396999999977197
3.5999999999994543
3.478899999997566
3.3786999999981617
3.239899999997533
3.11929999999802
3.018799999999601
2.8797999999978856
2.75969999999802
2.6392999999984568
2.5186999999987165
2.399999999999636
2.999799999998004
3.5992999999980384
4.199662601998398
4.799571486997365
5.39950000000681
6.018800000000738
6.599700000004759
7.199500000015178
7.799700000000939
8.399999999998727
9.179799999999432
9.978451846000098
10.739688501997989
11.519700000001649
12.299700000015491
13.079999999998563
13.859899999995832
14.639900000001944
15.419999999999618
16.199242560000584
15.17976884600057
14.159964813999977
13.139800674001435
12.119621300003473
11.099800000014966
10.098700000001827
9.059700000002067
8.039900000015678
7.019300000006297
5.9999999999990905
5.999800000000505
5.99970000000485
5.999499999997624
5.999649629998203
5.999293317008323
5.999400000001515
5.999700000001667
5.999500000011267
6.018700000032368
6.0
5.759900000017296
5.519800000000032
5.279600000000755
5.039245814012247
4.81801653401908
4.559900000002017
4.3197000000163825
4.098200000008546
3.8400000000001455
3.600000000000364
3.7197000000169282
3.8392000000021653
3.9598000000141838
4.07989803500368
4.218179904004501
4.319799999996576
4.4392000000143526
4.559300000015355
4.679800000016257
4.800000000000182
5.159400000011374
5.519600000017817
5.87998659501045
