Workload_ID,    App_ID,SubmitTime,Pr:CPUTime,ResponseTime,
#======================================
#Number of workloads:65
#Timeout workloads:1366
#Timeout workloads per cent:0
#Over workloads:0
#Over workloads per cent:0
#Number of Cloudlets:65
#Over Cloudlets:0
#Over Cloudlets per cent:0
#Number of transmissions:0
#Over transmissions:0
#======================================
#Total serve time:1264.2840633358871
#CPU serve time:1264.2840633358871
#Network serve time:0.0
#Average total serve time:19.45052405132134
#Average CPU serve time per workload:19.45052405132134
#Average network serve time per workload:0.0
#Average CPU serve time per Cloudlet:19.45052405132134
#======================================
20.339800000000167
20.899399999999872
21.419599999999946
21.95979999999946
22.519199999998705
23.03980000000007
23.579800000000603
24.119999999999948
24.65979999999206
25.199700000000348
23.87940368499642
22.55955119499788
21.239909147996514
19.919483233996857
18.59989999999766
17.299400000000446
15.959699999992608
14.639899999991485
13.31989999999405
11.999999999998181
13.079605595997236
14.15969999999129
15.239899999991167
16.31989999998973
17.399899999997842
18.479999999988877
19.559699999991153
20.639699999989944
21.719999999991387
22.79964511899857
22.499690716997293
22.199543550998897
21.899987238997937
21.599871486992015
21.31930000002467
20.999599999996008
20.69999999999618
20.419300000011845
20.09969999999612
19.799642560000848
19.619828158998644
19.439751845995033
19.259888501994283
19.079999999997654
18.899700000019493
18.719699999997374
18.539899999994304
18.35990000000038
18.179999999998017
17.99964256000112
18.05976884599977
18.119900000000143
18.17980067399776
18.23972129999993
18.299800000018422
18.359699999996792
18.41979999999785
18.479899999995723
18.539699999997083
18.599645119999423
18.719730718998562
18.839899999992213
18.95970723999926
19.079964285999267
19.1999805530063
