Workload_ID,    App_ID,SubmitTime,Pr:CPUTime,ResponseTime,
#======================================
#Number of workloads:40
#Timeout workloads:1391
#Timeout workloads per cent:0
#Over workloads:0
#Over workloads per cent:0
#Number of Cloudlets:40
#Over Cloudlets:0
#Over Cloudlets per cent:0
#Number of transmissions:0
#Over transmissions:0
#======================================
#Total serve time:678.3693773558945
#CPU serve time:678.3693773558945
#Network serve time:0.0
#Average total serve time:16.95923443389736
#Average CPU serve time per workload:16.95923443389736
#Average network serve time per workload:0.0
#Average CPU serve time per Cloudlet:16.95923443389736
#======================================
22.61980000000021
21.839899999999915
21.05959999999996
20.29929999999939
19.518699999999058
18.720000000000027
17.93980000000039
17.159999999999798
16.379999999993743
15.599699999999984
15.719703684998535
15.839942251998195
15.959765290992664
16.07969026499677
16.19969999999796
16.31980000000044
16.4396999999924
16.559899999990648
16.67989999999304
16.79964255899972
16.61989856499781
16.45919999999046
16.259899999990694
16.079899999989948
15.899799999997867
15.719999999990023
15.539899999991349
15.359899999992194
15.179799999993065
14.999645118999752
15.299690716998612
15.599929284995596
15.899655570994582
16.199971486992126
16.519200000019282
16.79949999999826
17.099899999997888
17.399700000013127
17.699699999997847
17.99964256000112
