Workload_ID,    App_ID,SubmitTime,Pr:CPUTime,ResponseTime,
#======================================
#Number of workloads:49
#Timeout workloads:1382
#Timeout workloads per cent:0
#Over workloads:0
#Over workloads per cent:0
#Number of Cloudlets:49
#Over Cloudlets:0
#Over Cloudlets per cent:0
#Number of transmissions:0
#Over transmissions:0
#======================================
#Total serve time:114.51676147101544
#CPU serve time:114.51676147101544
#Network serve time:0.0
#Average total serve time:2.3370767647146007
#Average CPU serve time per workload:2.3370767647146007
#Average network serve time per workload:0.0
#Average CPU serve time per Cloudlet:2.3370767647146007
#======================================
1.0797999999999774
0.9793000000000376
0.8400000000000034
0.7389999999999759
0.6000000000000227
0.4800000000000182
0.36000000000001364
0.2400000000000091
0.13899999999989632
0.009999999999990905
0.11999999999989086
0.2400000000000091
0.35999999999989996
0.4800000000000182
0.599999999999909
0.7200000000000273
0.8399999999996908
0.9793999999994867
1.09929999999963
1.199999999999818
1.1998999999993885
1.1997999999991862
1.199999999999136
1.1997999999991862
1.2189999999998236
1.199999999999136
1.199999999999136
1.2187999999991916
1.219199999999546
1.199999999999818
1.1997999999991862
1.1997999999994136
1.199999999999136
1.1999999999993634
1.2190000000005057
1.1999999999989086
1.1999999999989086
1.218500000001768
1.2193000000042957
1.199999999999818
2.699699999999666
4.199800000008054
5.699661470999217
7.199900000004163
8.699700000011944
10.19970000000012
11.699699999996938
13.19990000000189
14.700000000000273
