Workload_ID,    App_ID,SubmitTime,Pr:CPUTime,ResponseTime,
#======================================
#Number of workloads:91
#Timeout workloads:1340
#Timeout workloads per cent:0
#Over workloads:0
#Over workloads per cent:0
#Number of Cloudlets:91
#Over Cloudlets:0
#Over Cloudlets per cent:0
#Number of transmissions:0
#Over transmissions:0
#======================================
#Total serve time:961.0171939762582
#CPU serve time:961.0171939762582
#Network serve time:0.0
#Average total serve time:10.560628505233607
#Average CPU serve time per workload:10.560628505233607
#Average network serve time per workload:0.0
#Average CPU serve time per Cloudlet:10.560628505233607
#======================================
13.199800000000025
13.799499999999966
14.399799999999885
14.999999999999318
15.599699999999075
16.199900000000127
16.799800000000346
17.399999999999807
17.999999999993406
18.599700000000098
17.93970368499788
17.27994225199825
16.619765290992405
15.959690264996766
15.299699999998097
14.639800000000378
13.979799999993247
13.31989999999223
12.659899999994423
11.999999999998181
12.479605595997782
12.959699999991699
13.439899999991894
13.919899999991003
14.399799999998095
14.879999999990332
15.359899999991512
15.839899999991985
16.319699999992963
16.79964511899948
15.119690716998775
13.439929284996424
11.759755570995821
10.079971486995419
8.419500000013159
6.739400000001751
5.058700000004137
3.378200000007382
1.698300000008203
0.010000000000218279
1.1397000000001754
2.2798000000047978
3.419200000001183
4.55969999999752
5.7193000000083885
6.858299999999417
7.979199999998855
9.119700000017474
10.259499999999662
11.399999999998272
11.39989999999898
11.3999718450018
11.399900674001401
11.399621300003673
11.399800000015148
11.399600000002465
11.399699999999484
11.39970000001722
11.399999999999636
11.399999999998272
10.799700000000485
10.218999999998232
9.599711062998267
8.999649630001386
8.399293317012962
7.799900000005437
7.2193000000029315
6.599500000011631
6.018700000032368
5.399999999999636
5.519900000016605
5.659300000000258
5.760000000000218
5.899245814018286
6.019016534020011
6.1393000000061875
6.239800000007563
6.379300000011426
6.499100000006365
6.600000000000364
7.199900000035996
7.799799999998868
8.399806592002278
8.999698035006077
9.599679904008553
10.199300000018411
10.799700000004123
11.399600000003375
11.999800000018695
12.600000000000364
12.719700000035118
