Workload_ID,    App_ID,SubmitTime,Pr:CPUTime,ResponseTime,
#======================================
#Number of workloads:72
#Timeout workloads:1359
#Timeout workloads per cent:0
#Over workloads:0
#Over workloads per cent:0
#Number of Cloudlets:72
#Over Cloudlets:0
#Over Cloudlets per cent:0
#Number of transmissions:0
#Over transmissions:0
#======================================
#Total serve time:1237.9185007389583
#CPU serve time:1237.9185007389583
#Network serve time:0.0
#Average total serve time:17.19331251026331
#Average CPU serve time per workload:17.19331251026331
#Average network serve time per workload:0.0
#Average CPU serve time per Cloudlet:17.19331251026331
#======================================
21.839800000000196
20.87939999999989
19.919700000000006
18.959599999999398
17.999699999999052
17.039200000000164
16.07980000000032
15.119699999999739
14.159999999994056
13.200000000000045
14.279703684998822
15.359942251998177
16.439765290992455
17.519983233996754
18.59989999999766
19.679900000000544
20.75949999999102
21.839799999989054
22.919699999990826
23.99964255899863
23.519498564996184
23.03969999998776
22.559999999988577
22.07989999998813
21.59929999999804
21.119699999987915
20.639699999990626
20.178899999990335
19.679699999991726
19.199645118999115
18.779690716997493
18.359729284994273
17.93958723899891
17.51987148699118
17.09920000002012
16.679999999998472
16.259899999998197
15.839700000013636
15.419699999998556
14.999242559999857
14.639708159000293
14.27965184599816
13.919388501997219
13.559200000001056
13.199700000016037
12.839999999998781
12.479699999996683
12.119900000002872
11.75939999999946
11.399999999998272
11.39989999999898
11.3999718450018
11.399900674001401
11.399621300003673
11.399800000015148
11.399600000002465
11.399699999999484
11.39970000001722
11.399999999999636
11.399999999998272
12.839799999999286
14.27989999999545
15.719911062995834
17.1595368659996
18.599980553005935
20.038717208999515
21.47979999999916
22.91979999999603
24.359700000015437
25.79954768000698
25.739935840015278
25.679627209006867
