Workload_ID,    App_ID,SubmitTime,Pr:CPUTime,ResponseTime,
#======================================
#Number of workloads:42
#Timeout workloads:1389
#Timeout workloads per cent:0
#Over workloads:0
#Over workloads per cent:0
#Number of Cloudlets:42
#Over Cloudlets:0
#Over Cloudlets per cent:0
#Number of transmissions:0
#Over transmissions:0
#======================================
#Total serve time:431.4464299599415
#CPU serve time:431.4464299599415
#Network serve time:0.0
#Average total serve time:10.272534046665275
#Average CPU serve time per workload:10.272534046665275
#Average network serve time per workload:0.0
#Average CPU serve time per Cloudlet:10.272534046665275
#======================================
15.719800000000077
15.239599999999967
14.759799999999899
14.27999999999929
13.799699999999007
13.319600000000037
12.839800000000196
12.359299999999678
11.87989999999445
11.399999999999977
11.339788156998793
11.279742251997959
11.219765290993791
11.159800000000246
11.099699999998506
11.039800000000241
10.979299999994055
10.919799999993074
10.859899999994468
10.799999999998363
10.559377916997846
10.319199999992861
10.079499999992777
9.839899999992895
9.59929999999872
9.359799999993129
9.11979999999312
8.87959999999498
8.639399999995021
8.399999999998727
8.279299999994237
8.15972928499923
8.039255570997511
7.919571486995437
7.799500000011449
7.6799000000023625
7.559300000005351
7.439500000015869
7.319700000001376
7.199999999998909
6.719999999999345
6.23970000000827
