Workload_ID,    App_ID,SubmitTime,Pr:CPUTime,ResponseTime,
#======================================
#Number of workloads:89
#Timeout workloads:1342
#Timeout workloads per cent:0
#Over workloads:0
#Over workloads per cent:0
#Number of Cloudlets:89
#Over Cloudlets:0
#Over Cloudlets per cent:0
#Number of transmissions:0
#Over transmissions:0
#======================================
#Total serve time:1229.9317885641228
#CPU serve time:1229.9317885641228
#Network serve time:0.0
#Average total serve time:13.81945829847329
#Average CPU serve time per workload:13.81945829847329
#Average network serve time per workload:0.0
#Average CPU serve time per Cloudlet:13.81945829847329
#======================================
10.319500000000346
11.639999999999986
12.95979999999986
14.27999999999929
15.599699999999075
16.93920000000014
18.2398000000004
19.55939999999987
20.87939999999287
22.199700000000234
20.57950368499735
18.959942251998314
17.339989761997003
15.719690264996757
14.119199999998159
12.479800000000296
10.859299999994164
9.23939999999402
7.619499999995469
5.9999999999990905
6.858199999994895
7.679799999994884
8.519999999993843
9.359899999993331
10.218299999998635
11.039999999992233
11.879699999992226
12.719999999992979
13.5596999999932
14.399999999997817
14.399690716998748
14.399929284996006
14.39965557099572
14.399971486993763
14.399700000017674
14.399999999998272
14.39989999999898
14.39970000001449
14.399699999999484
14.399999999997817
14.639708159000293
14.879651845997614
15.119888501996229
15.359999999999218
15.599700000017947
15.83969999999772
16.079899999994723
16.31990000000087
16.55999999999949
16.819242560001385
17.099768846000188
17.399900000000343
17.699800673998197
17.999721300000147
18.299800000018422
18.599699999996574
18.899799999997413
19.19989999999507
19.519199999998364
19.79964511999924
18.239730718999
16.679899999993722
15.11991106299638
13.559749630002443
12.019580552999741
10.439717209002538
8.879700000001321
7.320000000013806
5.779300000031071
4.199999999999818
4.919700000013108
5.659300000000258
6.3796000000038475
7.0991458140224495
7.819016534021102
8.519700000007106
9.239800000017567
9.959500000015396
10.679800000006253
11.399999999999636
12.419915839001987
13.439724722999927
14.459706592015209
15.479898035004226
16.51922758299861
17.519764238998505
18.539900000013404
19.559599999993225
20.579300000023977
