Workload_ID,    App_ID,SubmitTime,Pr:CPUTime,ResponseTime,
#======================================
#Number of workloads:50
#Timeout workloads:1381
#Timeout workloads per cent:0
#Over workloads:0
#Over workloads per cent:0
#Number of Cloudlets:50
#Over Cloudlets:0
#Over Cloudlets per cent:0
#Number of transmissions:0
#Over transmissions:0
#======================================
#Total serve time:2282.6885775488454
#CPU serve time:2282.6885775488454
#Network serve time:0.0
#Average total serve time:45.653771550976906
#Average CPU serve time per workload:45.653771550976906
#Average network serve time per workload:0.0
#Average CPU serve time per Cloudlet:45.653771550976906
#======================================
46.79980000000032
46.79989999999998
46.79980000000006
46.79989999999964
46.79989999999873
46.79990000000038
46.799900000000775
46.79940000000022
46.79969999999116
46.79933791699955
46.61975136399769
46.43971057999772
46.2597651209968
46.07980000000066
45.89969999999653
45.71990000000062
45.5397999999891
45.35969999998656
45.17979999999079
44.99928511799885
44.93973071599703
44.87989999998604
44.81979999998816
44.75969999998597
44.699699999997165
44.63979999998605
44.57969999998954
44.51989999998818
44.45989999999006
44.39942047799968
44.519959044999496
44.63994355099658
44.75982069099905
44.879846845997236
44.999800000028245
45.119699999990644
45.23989999999276
45.359899999999016
45.47999999999365
45.59913280000137
45.65980351799999
45.71982720499909
45.77962979899803
45.839999999993324
45.89970000002677
45.95999999999549
46.01989999999114
46.07979999999543
46.13999999999396
46.19961280000007
