Workload_ID,    App_ID,SubmitTime,Pr:CPUTime,ResponseTime,
#======================================
#Number of workloads:53
#Timeout workloads:1378
#Timeout workloads per cent:0
#Over workloads:0
#Over workloads per cent:0
#Number of Cloudlets:53
#Over Cloudlets:0
#Over Cloudlets per cent:0
#Number of transmissions:0
#Over transmissions:0
#======================================
#Total serve time:813.736002059927
#CPU serve time:813.736002059927
#Network serve time:0.0
#Average total serve time:15.353509472828812
#Average CPU serve time per workload:15.353509472828812
#Average network serve time per workload:0.0
#Average CPU serve time per Cloudlet:15.353509472828812
#======================================
5.459400000000102
6.719700000000245
7.979699999999809
9.23929999999936
10.499299999999096
11.759600000000034
13.019800000000203
14.279799999999739
15.539999999993825
16.79970000000003
15.899703684998372
14.999942251998164
14.099765290992877
13.199800000000323
12.299199999998336
11.399800000000255
10.499699999994164
9.599399999993693
8.699999999995043
7.799999999998818
7.679699999994227
7.559799999994993
7.439999999994825
7.319799999994984
7.199299999999084
7.079099999994696
6.959799999995084
6.8392999999962285
6.738799999996445
6.5999999999989996
10.198699999992641
13.798429284996246
17.399587238999175
20.99947148699175
24.599700000026132
28.199999999992087
31.799899999994068
35.39999999999918
38.99999999999409
42.59921792000068
38.998707929999
35.39929314299934
31.799483153997244
28.199999999994816
24.59970000002295
20.99959999999919
17.399899999994886
13.798400000001948
10.198499999999058
6.5999999999989996
6.719900000006419
6.858700000004319
6.95960067400074
