Workload_ID,    App_ID,SubmitTime,Pr:CPUTime,ResponseTime,
#======================================
#Number of workloads:96
#Timeout workloads:1335
#Timeout workloads per cent:0
#Over workloads:0
#Over workloads per cent:0
#Number of Cloudlets:96
#Over Cloudlets:0
#Over Cloudlets per cent:0
#Number of transmissions:0
#Over transmissions:0
#======================================
#Total serve time:1719.7900889891773
#CPU serve time:1719.7900889891773
#Network serve time:0.0
#Average total serve time:17.914480093637263
#Average CPU serve time per workload:17.914480093637263
#Average network serve time per workload:0.0
#Average CPU serve time per Cloudlet:17.914480093637263
#======================================
19.079800000000134
18.959899999999948
18.839800000000025
18.719999999999402
18.599699999999075
18.47920000000022
18.359800000000405
18.23999999999984
18.11999999999341
17.999700000000075
17.879703684997935
17.759942251998268
17.639989761996958
17.519983233996754
17.399899999997842
17.279400000000464
17.159699999992426
17.039399999990565
16.919899999992822
16.79964255899972
16.85989856499782
16.919399999990446
16.979499999990367
17.039999999989504
17.099399999997786
17.159499999989293
17.219299999991108
17.279899999991358
17.33969999999249
17.399645118999388
17.45969071699801
17.51972928499481
17.57958723899901
17.63987148699107
17.699700000020584
17.7599999999984
17.819899999997233
17.879800000013347
17.93969999999763
17.99964256000112
17.759828158999426
17.519751845996325
17.27988850199472
17.039599999998245
16.799700000018674
16.559199999997418
16.319899999994504
16.07990000000109
15.839999999999236
15.59924256000022
15.89976884600037
16.19946481399893
16.49980067399929
16.799221300000227
17.09980000001815
17.399699999997665
17.69979999999805
17.99989999999616
18.2996999999973
18.599645119999423
18.59973071899867
18.59989999999243
18.59991106299458
18.599064285999248
18.599980553005935
18.59961720899946
18.5991999999992
18.59979999999632
18.59970000000976
18.599547680002615
18.659935840008075
18.719899529005488
18.779736187018898
18.839145814019503
18.899716534028812
18.959899999996196
19.038800000032097
19.0989000000136
19.139400000018213
19.19964512000206
19.139933280007426
19.07982472299682
19.019706592018338
18.959701293999387
18.89932758299983
18.839364238997405
18.779900000013185
18.71959999999399
18.659700000021985
18.599547680002615
18.479738400004862
18.359771849002755
18.2398980030257
18.11981288001971
17.99967131502035
17.8799223320093
