Workload_ID,    App_ID,SubmitTime,Pr:CPUTime,ResponseTime,
#======================================
#Number of workloads:81
#Timeout workloads:1350
#Timeout workloads per cent:0
#Over workloads:0
#Over workloads per cent:0
#Number of Cloudlets:81
#Over Cloudlets:0
#Over Cloudlets per cent:0
#Number of transmissions:0
#Over transmissions:0
#======================================
#Total serve time:1731.9978895900156
#CPU serve time:1731.9978895900156
#Network serve time:0.0
#Average total serve time:21.382689994938463
#Average CPU serve time per workload:21.382689994938463
#Average network serve time per workload:0.0
#Average CPU serve time per Cloudlet:21.382689994938463
#======================================
20.39980000000017
20.41939999999991
20.419200000000018
20.419299999999396
20.419199999998966
20.39979999999997
20.399800000000482
20.41929999999985
20.39979999999298
20.399700000000166
20.519903684997303
20.63955119499792
20.75990914799661
20.879800000000046
20.99979999999732
21.11959999999999
21.239999999990687
21.359799999989264
21.479699999991
21.599642558998994
21.719998564996786
21.839699999988625
21.959999999988895
22.07989999998813
22.199699999998074
22.319699999987733
22.439799999990328
22.559799999989764
22.67999999999074
22.79964511899857
22.859690716997193
22.919943550998596
22.979987238997865
23.03987148699116
23.099700000025678
23.159999999993943
23.219999999995252
23.27980000001071
23.33989999999494
23.399642560000302
23.0999281589975
22.799968022999565
22.49968315399792
22.199999999996635
21.89970000002222
21.599999999998545
21.299899999993613
20.999700000000757
20.699899999997342
20.399642560000757
20.279768845999115
20.159900000000107
20.039800673997433
19.939321299999847
19.819400000019414
19.679699999996046
19.559799999996812
19.43989999999485
19.319699999997738
19.19964511999933
19.379730718997962
19.559899999991558
19.73960020899949
19.93945725499998
20.118580553006723
20.279217208999853
20.459199999999328
20.639799999996285
20.819700000010926
20.99954768000407
21.23993584001073
21.479899529005706
21.719836187022338
21.95984581401899
22.19961653403061
22.43989999999394
22.68000000000029
22.9197000000122
23.15980000002037
23.399645120004607
23.33983328000977
