Workload_ID,    App_ID,SubmitTime,Pr:CPUTime,ResponseTime,
#======================================
#Number of workloads:83
#Timeout workloads:1348
#Timeout workloads per cent:0
#Over workloads:0
#Over workloads per cent:0
#Number of Cloudlets:83
#Over Cloudlets:0
#Over Cloudlets per cent:0
#Number of transmissions:0
#Over transmissions:0
#======================================
#Total serve time:671.6852818801694
#CPU serve time:671.6852818801694
#Network serve time:0.0
#Average total serve time:8.092593757592402
#Average CPU serve time per workload:8.092593757592402
#Average network serve time per workload:0.0
#Average CPU serve time per Cloudlet:8.092593757592402
#======================================
4.799999999999997
4.799700000000172
4.799699999999916
4.799199999999814
4.7993999999995935
4.799799999999948
4.799700000000087
4.799799999999948
4.799199999997654
4.7999999999999545
5.039799999996831
5.279200000000287
5.519765290996588
5.759400000000369
5.999299999999266
6.239599999999996
6.479899999996178
6.7182999999959065
6.9583999999958905
7.199999999998909
8.459699999993745
9.719699999993281
10.97989999999254
12.239899999991621
13.518999999998186
14.759999999990441
16.019399999991037
17.279899999991358
18.539699999992308
19.799645118999024
18.899690716997384
17.999729284994373
17.09958723899922
16.199971486992126
15.29970000001822
14.399999999998272
13.498999999999342
12.599700000015673
11.698699999999008
10.799999999998363
10.319799999999304
9.83945184599952
9.359788501999446
8.879800000003343
8.399700000011762
7.919799999999668
7.439699999999448
6.97830000001386
6.480000000000018
5.9999999999990905
6.239900000006855
6.479700000003959
6.719200674000604
6.959221300006902
7.199400000009973
7.439700000000357
7.679700000003322
7.919900000015787
8.159700000005614
8.399999999998727
8.039999999999054
7.6799999999993815
7.3197180939991995
6.959249630001068
6.6182933170098295
6.239400000002206
5.879700000001776
5.519500000009884
5.159300000026633
4.800000000000182
4.679700000012417
4.559800000000905
4.439800000014657
4.319452845014894
4.218016534017806
4.079500000001644
3.9597000000139815
3.839200000006713
3.720000000001164
3.600000000000364
3.8397000000177286
4.079700000002049
4.319700000015473
