Workload_ID,    App_ID,SubmitTime,Pr:CPUTime,ResponseTime,
#======================================
#Number of workloads:71
#Timeout workloads:1360
#Timeout workloads per cent:0
#Over workloads:0
#Over workloads per cent:0
#Number of Cloudlets:71
#Over Cloudlets:0
#Over Cloudlets per cent:0
#Number of transmissions:0
#Over transmissions:0
#======================================
#Total serve time:770.2789353460439
#CPU serve time:770.2789353460439
#Network serve time:0.0
#Average total serve time:10.8489990893809
#Average CPU serve time per workload:10.8489990893809
#Average network serve time per workload:0.0
#Average CPU serve time per Cloudlet:10.8489990893809
#======================================
11.88000000000001
11.759999999999991
11.639799999999866
11.538999999999305
11.39969999999903
11.279600000000016
11.159700000000157
11.039699999999641
10.919899999994868
10.799999999999955
10.859788156999116
10.919742251997945
10.979765290993896
11.039800000000241
11.099699999998506
11.159800000000246
11.219799999993938
11.279799999992747
11.339899999994486
11.399999999998272
11.27987791699752
11.159699999992426
11.039899999992485
10.919899999992595
10.81929999999852
10.679699999992408
10.559699999992517
10.439599999993789
10.31989999999405
10.199999999998454
10.218699999992623
10.219129284997962
10.199655570996129
10.19957148699541
10.219300000014755
10.219100000000708
10.199900000004163
10.219300000016574
10.19970000000012
10.199999999998454
10.259799999999359
10.319651845999942
10.379688501998316
10.439700000002631
10.519200000013825
10.559699999999793
10.619799999998122
10.69910000000118
10.739900000000034
10.799999999998363
10.799899999999525
10.799571845001537
10.799900674001947
10.799621300004219
10.799800000014784
10.79960000000301
10.79970000000003
10.819300000017847
10.800000000005184
10.799999999998363
10.85970000000043
10.91979999999785
10.979711062997467
11.039549630002512
11.099693317015408
11.159717209001883
11.219800000002124
11.279900000001817
11.339800000003379
11.400000000000546
11.399900000038542
