Workload_ID,    App_ID,SubmitTime,Pr:CPUTime,ResponseTime,
#======================================
#Number of workloads:49
#Timeout workloads:1382
#Timeout workloads per cent:0
#Over workloads:0
#Over workloads per cent:0
#Number of Cloudlets:49
#Over Cloudlets:0
#Over Cloudlets per cent:0
#Number of transmissions:0
#Over transmissions:0
#======================================
#Total serve time:1105.8704651608732
#CPU serve time:1105.8704651608732
#Network serve time:0.0
#Average total serve time:22.568785003283125
#Average CPU serve time per workload:22.568785003283125
#Average network serve time per workload:0.0
#Average CPU serve time per Cloudlet:22.568785003283125
#======================================
22.25980000000021
22.319899999999933
22.37999999999991
22.43979999999948
22.519199999998705
22.559800000000052
22.619800000000566
22.679799999999943
22.73979999999233
22.799700000000257
22.799903684996593
22.81955119499787
22.799909147996004
22.79980000000012
22.79979999999705
22.819600000000037
22.79999999998995
22.799799999988636
22.799699999990935
22.799642558998812
22.739998564996085
22.67969999998786
22.619999999988522
22.55989999998792
22.49969999999803
22.439699999987624
22.379799999990382
22.319799999989755
22.259999999991123
22.19964511899866
22.259690716997284
22.33954355099877
22.379987238997956
22.43987148699125
22.499700000025314
22.55999999999449
22.619999999995798
22.679800000011255
22.739899999995487
22.799642560000393
22.739928158997827
22.679968022999674
22.619683153997812
22.559999999996307
22.499700000022585
22.43999999999869
22.379899999993086
22.31970000000001
22.259899999995923
