Workload_ID,    App_ID,SubmitTime,Pr:CPUTime,ResponseTime,
#======================================
#Number of workloads:82
#Timeout workloads:1349
#Timeout workloads per cent:0
#Over workloads:0
#Over workloads per cent:0
#Number of Cloudlets:82
#Over Cloudlets:0
#Over Cloudlets per cent:0
#Number of transmissions:0
#Over transmissions:0
#======================================
#Total serve time:644.5201445552154
#CPU serve time:644.5201445552154
#Network serve time:0.0
#Average total serve time:7.860001762868481
#Average CPU serve time per workload:7.860001762868481
#Average network serve time per workload:0.0
#Average CPU serve time per Cloudlet:7.860001762868481
#======================================
8.279700000000261
8.759700000000294
9.2396999999998
9.719699999999335
10.198299999999108
10.679599999999994
11.159700000000157
11.639699999999664
12.119899999994345
12.600000000000023
11.69978815699858
10.799742251997941
9.898265290994004
8.999800000000164
8.099699999998961
7.199900000000071
6.299899999996342
5.399299999996629
4.498899999997548
3.5999999999994543
4.138699999997016
4.679699999997183
5.219699999996465
5.759799999996176
6.299299999999221
6.838599999994585
7.379799999994702
7.919799999995348
8.459799999995084
8.999999999998636
8.999699999993709
8.999629284998719
8.999655570996765
8.999971486996401
8.99990000001344
9.0
8.99970000000485
8.999900000016623
8.999700000000757
8.999999999998636
8.338799999999537
7.67970000000787
7.019788501999756
6.35950000000139
5.699300000007952
5.058899999998175
4.379899999998088
3.7197000000060143
3.0593000000062602
2.399999999999636
2.879300000002786
3.358700000004319
3.8390129560007153
4.319221300000663
4.798400000005131
5.279100000005201
5.759700000002795
6.238200000011602
6.718300000004547
7.199999999998909
7.619999999999436
8.039999999999054
8.459711062999304
8.879649630001495
9.299693317013862
9.719517209001879
10.138200000002598
10.559500000002117
10.979800000002797
11.400000000000546
11.03990000003796
10.679500000005646
10.319436187010979
9.959145814022122
9.599016534021757
9.23970000000645
8.879900000016278
8.519700000014382
8.178600000002007
7.800000000000182
7.439900000036687
7.079799999999523
