Workload_ID,    App_ID,SubmitTime,Pr:CPUTime,ResponseTime,
#======================================
#Number of workloads:89
#Timeout workloads:1342
#Timeout workloads per cent:0
#Over workloads:0
#Over workloads per cent:0
#Number of Cloudlets:89
#Over Cloudlets:0
#Over Cloudlets per cent:0
#Number of transmissions:0
#Over transmissions:0
#======================================
#Total serve time:1861.9376177160925
#CPU serve time:1861.9376177160925
#Network serve time:0.0
#Average total serve time:20.920647390068456
#Average CPU serve time per workload:20.920647390068456
#Average network serve time per workload:0.0
#Average CPU serve time per Cloudlet:20.920647390068456
#======================================
21.71980000000019
21.839899999999915
21.959999999999894
22.079799999999466
22.21919999999875
22.319800000000043
22.43980000000056
22.55979999999994
22.679799999992383
22.799700000000257
22.619903684996757
22.459551194997857
22.259909147996268
22.07980000000009
21.899799999997185
21.739599999999996
21.53999999999064
21.359799999989264
21.17969999999127
20.999642558999085
20.93949856499694
20.879299999988916
20.81959999998935
20.75949999998852
20.699299999998175
20.659199999988232
20.57969999999068
20.519699999990053
20.45989999999142
20.399645118998933
20.69969071699734
21.019243550998908
21.29998723899803
21.599871486992015
21.89970000002495
22.199999999994816
22.499999999995907
22.799800000011146
23.09989999999516
23.399642560000302
23.039928158997554
22.679968022999674
22.319683153998085
21.959999999996853
21.59970000002204
21.239999999998872
20.879899999993995
20.538700000000972
20.159899999997833
19.799642560000848
19.73976884599915
19.679899999999634
19.619800673997815
19.559721299999637
19.49980000001915
19.439699999996265
19.379799999996976
19.31989999999496
19.259699999997792
19.19964511999933
19.199730718998126
19.199899999991885
19.199707239999043
19.199964285999158
19.1999805530063
19.19961720899937
19.199699999998757
19.199799999995776
19.199700000010125
19.219547680003416
19.319935840009748
19.439899529004833
19.559736187020462
19.67964581401884
19.799716534029358
19.919899999995323
20.040000000031796
20.179200000014134
20.27980000001844
20.399645120002788
20.639833280009043
20.87982472299518
21.119906592020016
21.35999092700149
21.599727583002277
21.839864238995688
22.08000000001448
22.319799999992938
22.559900000026573
