Workload_ID,    App_ID,SubmitTime,Pr:CPUTime,ResponseTime,
#======================================
#Number of workloads:64
#Timeout workloads:1367
#Timeout workloads per cent:0
#Over workloads:0
#Over workloads per cent:0
#Number of Cloudlets:64
#Over Cloudlets:0
#Over Cloudlets per cent:0
#Number of transmissions:0
#Over transmissions:0
#======================================
#Total serve time:147.68733295803642
#CPU serve time:147.68733295803642
#Network serve time:0.0
#Average total serve time:2.307614577469319
#Average CPU serve time per workload:2.307614577469319
#Average network serve time per workload:0.0
#Average CPU serve time per Cloudlet:2.307614577469319
#======================================
0.11999999999999744
0.23999999999999488
0.3599999999999852
0.47999999999998977
0.6000000000000227
0.7200000000000273
0.839999999999975
0.9593999999999596
1.0986999999995533
1.2000000000000455
1.1996999999992113
1.1993000000001075
1.1999999999993634
1.1995000000000573
1.19949999999983
1.2000000000000455
1.1999999999993634
1.1993999999992866
1.199299999999539
1.199999999999818
1.1998999999993885
1.1997999999991862
1.199999999999136
1.1997999999991862
1.2189999999998236
1.199999999999136
1.199999999999136
1.2187999999991916
1.1991999999995642
1.199999999999818
1.9797999999987042
2.7592999999983476
3.5390999999976884
4.3195714869975745
5.118500000006861
5.879800000000159
6.659200000004603
7.439500000015869
8.219700000000557
8.999999999998636
8.099799999999505
7.199700000008306
6.299661470999581
5.399499999998625
4.49950000000581
3.599499999998443
2.6998999999987063
1.7993000000028587
0.898300000002564
0.010000000000218279
0.23980000000074142
0.47980000000052314
0.7199999999993452
0.9600000000000364
1.2190000000005057
1.4399999999986903
1.6799999999993815
1.9193000000022948
2.1592000000068765
2.399999999999636
2.279899999999998
2.1599000000046544
2.0397999999991043
1.919700000001285
