Workload_ID,    App_ID,SubmitTime,Pr:CPUTime,ResponseTime,
#======================================
#Number of workloads:72
#Timeout workloads:1359
#Timeout workloads per cent:0
#Over workloads:0
#Over workloads per cent:0
#Number of Cloudlets:72
#Over Cloudlets:0
#Over Cloudlets per cent:0
#Number of transmissions:0
#Over transmissions:0
#======================================
#Total serve time:497.0319799300776
#CPU serve time:497.0319799300776
#Network serve time:0.0
#Average total serve time:6.903221943473301
#Average CPU serve time per workload:6.903221943473301
#Average network serve time per workload:0.0
#Average CPU serve time per Cloudlet:6.903221943473301
#======================================
5.879800000000159
5.779200000000216
5.639699999999749
5.519699999999688
5.419399999999541
5.279799999999966
5.1597000000001
5.058299999999917
4.939199999997641
4.7999999999999545
5.299399999996808
5.779200000000287
6.239765290996161
6.739500000000021
7.199699999999098
7.679900000000089
8.159699999995155
8.639799999994466
9.119999999994661
9.599999999998545
9.239699999993036
8.879699999994045
8.519999999993843
8.179299999994328
7.819299999998975
7.439599999994471
7.079799999994975
6.7392999999963195
6.3597999999965396
5.9999999999990905
6.239599999995789
6.479799999995748
6.719755570998586
6.97907148699619
7.219500000010612
7.439900000002581
7.679700000005141
7.939500000017233
8.159700000000612
8.399999999998727
7.799799999999777
7.199700000008306
6.599788501999228
6.019500000000789
5.419300000007752
4.799899999997706
4.199899999998252
3.5997000000061234
3.0193000000062966
2.399999999999636
2.779300000002422
3.1393000000043685
3.479799999999159
3.839721300000747
4.218400000004749
4.579100000003109
4.939300000001367
5.299200000009478
5.639800000004925
5.9999999999990905
6.71979999999985
7.4399999999996
8.159711062999577
8.879649630001495
9.599693317014044
10.33931720900273
11.039800000002288
11.779400000001715
12.479700000006233
13.199999999999818
12.720000000040272
12.259306560007644
