Workload_ID,    App_ID,SubmitTime,Pr:CPUTime,ResponseTime,
#======================================
#Number of workloads:79
#Timeout workloads:1352
#Timeout workloads per cent:0
#Over workloads:0
#Over workloads per cent:0
#Number of Cloudlets:79
#Over Cloudlets:0
#Over Cloudlets per cent:0
#Number of transmissions:0
#Over transmissions:0
#======================================
#Total serve time:1550.3705569490426
#CPU serve time:1550.3705569490426
#Network serve time:0.0
#Average total serve time:19.62494375884864
#Average CPU serve time per workload:19.62494375884864
#Average network serve time per workload:0.0
#Average CPU serve time per Cloudlet:19.62494375884864
#======================================
21.35980000000019
21.119899999999888
20.87960000000001
20.639299999999423
20.419199999998966
20.179299999999955
19.919800000000464
19.67979999999983
19.43999999999312
19.19970000000012
18.959703684997635
18.719942251998305
18.479989761996762
18.23998323399678
17.99989999999775
17.75990000000047
17.519699999992326
17.279799999990473
17.039899999992713
16.79964255899972
17.159898564997775
17.519799999990255
17.87989999999013
18.239999999989095
18.59989999999766
18.979499999988775
19.319699999991144
19.679899999990766
20.039699999991626
20.399645118998933
20.45969071699733
20.538043550998964
20.599587238998083
20.639871486991524
20.69930000002296
20.759599999996226
20.81959999999617
20.879300000011426
20.939399999995658
20.999642560000666
20.939528158998655
20.879451845995845
20.81939018499861
20.75959999999668
20.71920000002183
20.659199999999146
20.579899999994268
20.538700000000972
20.45989999999756
20.399642560000757
20.399768845999006
20.419400000000223
20.399800673997106
20.399721299999328
20.418400000020483
20.399999999996453
20.399799999996503
20.41939999999613
20.39999999999918
20.39964511999915
20.339730718998453
20.279899999991358
20.21960020899951
20.15985725499968
20.118580553006723
20.05871720899995
19.979699999998957
19.919899999995323
19.85970000000998
19.81954768000378
19.43993584000964
19.07989952900516
18.719736187018498
18.35964581402004
17.999716534028266
17.639899999997397
17.279800000031173
16.93950000001496
16.55990000001566
