Workload_ID,    App_ID,SubmitTime,Pr:CPUTime,ResponseTime,
#======================================
#Number of workloads:31
#Timeout workloads:1400
#Timeout workloads per cent:0
#Over workloads:0
#Over workloads per cent:0
#Number of Cloudlets:31
#Over Cloudlets:0
#Over Cloudlets per cent:0
#Number of transmissions:0
#Over transmissions:0
#======================================
#Total serve time:1236.3522981208553
#CPU serve time:1236.3522981208553
#Network serve time:0.0
#Average total serve time:39.88233219744694
#Average CPU serve time per workload:39.88233219744694
#Average network serve time per workload:0.0
#Average CPU serve time per Cloudlet:39.88233219744694
#======================================
40.19980000000034
40.199899999999985
40.199800000000096
40.199899999999616
40.199899999998706
40.19940000000025
40.199900000000696
40.19980000000021
40.19929999999147
40.1997000000008
40.13965136399804
40.07971057999748
40.0198091479956
39.95980000000054
39.89969999999664
39.83990000000051
39.77979999998888
39.719699999986915
39.65979999999081
39.59968511799843
39.599630715998046
39.59989999998652
39.599799999988136
39.59969999998634
39.599699999997256
39.59979999998632
39.59969999998975
39.59989999998834
39.59989999998993
39.59964511899943
39.65966607599921
