Workload_ID,    App_ID,SubmitTime,Pr:CPUTime,ResponseTime,
#======================================
#Number of workloads:90
#Timeout workloads:1341
#Timeout workloads per cent:0
#Over workloads:0
#Over workloads per cent:0
#Number of Cloudlets:90
#Over Cloudlets:0
#Over Cloudlets per cent:0
#Number of transmissions:0
#Over transmissions:0
#======================================
#Total serve time:2336.758595724007
#CPU serve time:2336.758595724007
#Network serve time:0.0
#Average total serve time:25.963984396933412
#Average CPU serve time per workload:25.963984396933412
#Average network serve time per workload:0.0
#Average CPU serve time per Cloudlet:25.963984396933412
#======================================
28.079800000000304
27.359499999999912
26.63979999999995
25.91989999999953
25.199699999998757
24.479800000000125
23.75980000000061
23.039799999999957
22.319799999992483
21.59970000000021
22.19990368499691
22.79955119499789
23.399909147996027
23.999800000000164
24.619399999996972
25.199900000000184
25.79989999998952
26.399699999987888
26.999799999990955
27.61917023899946
26.279677916997798
24.95969999998715
23.63999999998805
22.31989999998791
21.01929999999811
19.679499999988593
18.379299999990963
17.03989999999135
15.719799999992802
14.399999999997817
15.959690716998466
17.51972928499481
19.079587238998784
20.639871486991524
22.199700000025132
23.759999999993397
25.319599999994352
26.87960000001067
28.439899999994395
29.9996425599993
30.059707929999604
30.119746496998687
30.179983153997455
30.239999999994325
30.299700000024586
30.359999999996035
30.41989999999123
30.47979999999825
30.53979999999501
30.59958768000024
30.059748807000233
29.51997509199873
28.979600673995265
28.43972129999611
27.89911591300006
27.35999999999376
26.819799999995666
26.27989999999454
25.739999999997053
25.199645119998422
25.379730718996598
25.55977058399867
25.73960020899858
25.919857254998533
26.0999805530123
26.27981720899743
26.45989999999756
26.639799999993556
26.819700000016383
26.9995476800068
27.179935840015787
27.35962017800739
27.53976386701197
27.71984581401648
27.899916534033764
28.079687459016895
28.259900000001835
28.440000000009604
28.62000000002081
28.799545120000403
28.739533280002433
28.679505094999513
28.61984226000004
28.55999092699767
28.49962758300444
28.439864238994232
28.379799999997886
28.31979999999112
28.260000000026594
28.199947680007426
