Workload_ID,    App_ID,SubmitTime,Pr:CPUTime,ResponseTime,
#======================================
#Number of workloads:71
#Timeout workloads:1360
#Timeout workloads per cent:0
#Over workloads:0
#Over workloads per cent:0
#Number of Cloudlets:71
#Over Cloudlets:0
#Over Cloudlets per cent:0
#Number of transmissions:0
#Over transmissions:0
#======================================
#Total serve time:1690.8817723769082
#CPU serve time:1690.8817723769082
#Network serve time:0.0
#Average total serve time:23.81523623066068
#Average CPU serve time per workload:23.81523623066068
#Average network serve time per workload:0.0
#Average CPU serve time per Cloudlet:23.81523623066068
#======================================
22.019800000000203
21.839899999999915
21.659599999999926
21.479799999999443
21.31919999999883
21.119799999999998
20.939800000000503
20.779299999999864
20.57979999999293
20.399700000000166
19.979903684997453
19.559942251998336
19.13991617899694
18.7199832339968
18.299899999997706
17.879900000000475
17.45969999999238
17.059399999990546
16.619899999993095
16.199642558999813
18.539898564997657
20.899299999988898
23.219999999988204
25.559899999987465
27.89939999999774
30.23979999998687
32.579199999990124
34.9198999999885
37.259899999989784
39.59964511899943
37.559938397998394
35.519543550997014
33.47972069099933
31.439946845998747
29.39970000002677
27.359999999992397
25.319599999994352
23.27980000001071
21.23989999999594
19.19964256000094
20.03992815899892
20.899451845996282
21.719683153998176
22.559999999996307
23.399700000022676
24.239999999998417
25.079799999992247
25.919799999999213
26.759799999995266
27.599642559999666
26.699631368000155
25.79997509199984
24.899800673995742
23.999721299996963
23.099800000021787
22.19999999999527
21.29979999999614
20.399399999995694
19.499199999997927
18.599645119999423
19.439730718997907
20.279899999991358
21.119600208999145
21.959857254999406
22.7995805530104
23.63981720899801
24.479899999997997
25.319799999993847
26.159700000016528
26.9995476800068
26.39993584001604
