Workload_ID,    App_ID,SubmitTime,Pr:CPUTime,ResponseTime,
#======================================
#Number of workloads:52
#Timeout workloads:1379
#Timeout workloads per cent:0
#Over workloads:0
#Over workloads per cent:0
#Number of Cloudlets:52
#Over Cloudlets:0
#Over Cloudlets per cent:0
#Number of transmissions:0
#Over transmissions:0
#======================================
#Total serve time:198.63060415503986
#CPU serve time:198.63060415503986
#Network serve time:0.0
#Average total serve time:3.8198193106738434
#Average CPU serve time per workload:3.8198193106738434
#Average network serve time per workload:0.0
#Average CPU serve time per Cloudlet:3.8198193106738434
#======================================
1.7587999999999937
1.6987000000000592
1.6195999999999628
1.5792999999999324
1.5189999999998918
1.4399999999999977
1.3799999999999955
1.339399999999955
1.2786999999995032
1.2000000000000455
1.2596999999991567
1.3393000000000939
1.3797999999992498
1.4585000000000719
1.5194999999997663
1.5599999999999454
1.6389999999991005
1.6983999999988555
1.7582999999992808
1.7999999999997272
1.7583999999990283
1.6986999999990076
1.638499999998885
1.5597999999990861
1.518999999999778
1.4399999999989177
1.3799999999989723
1.3197999999993044
1.278199999999515
1.199999999999818
1.8193999999987227
2.3997999999985495
2.999599999998054
3.599571486998002
4.218500000005406
4.81880000000001
5.399700000004941
5.999700000013036
6.599700000001121
7.199999999998909
7.49980000000005
7.7997000000077605
8.099788501999683
8.39980000000378
8.699700000011944
8.999899999999798
9.299699999998666
9.599700000017037
9.89989999999898
10.199999999998454
10.079999999999472
9.979444166000576
