Workload_ID,    App_ID,SubmitTime,Pr:CPUTime,ResponseTime,
#======================================
#Number of workloads:93
#Timeout workloads:1338
#Timeout workloads per cent:0
#Over workloads:0
#Over workloads per cent:0
#Number of Cloudlets:93
#Over Cloudlets:0
#Over Cloudlets per cent:0
#Number of transmissions:0
#Over transmissions:0
#======================================
#Total serve time:1108.4445660821893
#CPU serve time:1108.4445660821893
#Network serve time:0.0
#Average total serve time:11.918758775077304
#Average CPU serve time per workload:11.918758775077304
#Average network serve time per workload:0.0
#Average CPU serve time per Cloudlet:11.918758775077304
#======================================
0.11999999999999744
0.23999999999999488
0.3599999999999852
0.47999999999998977
0.6000000000000227
0.7200000000000273
0.839999999999975
0.9793999999999414
1.0986999999995533
1.2000000000000455
1.0796999999993204
0.9793000000000802
0.8399999999996908
0.7395000000000209
0.599999999999909
0.4800000000000182
0.35999999999989996
0.23999999999978172
0.13899999999989632
0.009999999999990905
2.9998999999979787
5.99989999999616
8.999999999993634
11.99989999999184
14.999799999998004
17.999999999989086
21.019299999990608
23.999799999989136
26.999899999990703
29.99964511899975
29.219938397999158
28.439943550997896
27.659987238998156
26.87997148698969
26.099700000026587
25.319599999992988
24.539599999994607
23.779300000011062
22.97989999999527
22.199642560000484
20.87992815899861
19.559751845994924
18.239888501994756
16.919599999998354
15.599700000017947
14.279799999998431
12.959699999996246
11.659100000002582
10.319899999999507
8.999999999998636
10.459499999999935
11.899464814001021
13.319800674001272
14.759621300001982
16.199800000017603
17.639699999997447
19.07979999999725
20.51939999999604
21.959999999999127
23.399645119998695
22.07973071899778
20.75989999999092
19.439707239998825
18.119536865998725
16.799980553004843
15.479717209000682
14.159800000000814
12.83980000000065
11.519700000004377
10.199999999999818
9.419900000033522
8.639700000006087
7.85951618701165
7.0991458140224495
6.319016534020193
5.539300000004914
4.740000000017972
3.9792000000079497
3.179800000009891
2.399999999999636
3.539700000016637
4.679700000001503
5.8200000000006185
6.959198035005102
8.119179904007979
9.259400000014466
10.37970000000223
11.519600000003265
12.659800000020368
13.800000000000182
14.93973840000399
16.07977184900483
17.219898003025264
