Workload_ID,    App_ID,SubmitTime,Pr:CPUTime,ResponseTime,
#======================================
#Number of workloads:59
#Timeout workloads:1372
#Timeout workloads per cent:0
#Over workloads:0
#Over workloads per cent:0
#Number of Cloudlets:59
#Over Cloudlets:0
#Over Cloudlets per cent:0
#Number of transmissions:0
#Over transmissions:0
#======================================
#Total serve time:563.32069458098
#CPU serve time:563.32069458098
#Network serve time:0.0
#Average total serve time:9.547808382728475
#Average CPU serve time per workload:9.547808382728475
#Average network serve time per workload:0.0
#Average CPU serve time per Cloudlet:9.547808382728475
#======================================
5.539400000000128
5.639700000000204
5.759699999999754
5.879699999999701
6.01939999999945
6.119799999999998
6.239700000000141
6.37929999999983
6.499599999997031
6.600000000000023
6.139599999996221
5.658200000000306
5.159365290996902
4.69940000000031
4.1998999999993885
3.7198000000000775
3.239799999998013
2.759799999998222
2.2794999999989614
1.7999999999997272
3.059899999997924
4.3196999999975105
5.579699999996137
6.8397999999951935
8.11929999999893
9.359799999993129
10.619699999992463
11.879999999993515
13.139799999993102
14.399999999997817
14.09969071699902
13.818429284996228
13.499655570995856
13.1999714869944
12.899700000016765
12.599999999999454
12.299999999999727
11.999700000015764
11.718699999999444
11.399999999998272
11.579686248000144
11.75975184599929
11.939688501996898
12.119700000001103
12.299700000015491
12.479999999999109
12.65969999999652
12.839900000002217
13.019999999999527
13.199999999997999
13.319768846000443
13.439964814000177
13.559800674001053
13.699121300002844
13.819300000016483
13.919699999999011
14.039999999999054
14.159899999998743
14.279799999998886
