Workload_ID,    App_ID,SubmitTime,Pr:CPUTime,ResponseTime,
#======================================
#Number of workloads:30
#Timeout workloads:1401
#Timeout workloads per cent:0
#Over workloads:0
#Over workloads per cent:0
#Number of Cloudlets:30
#Over Cloudlets:0
#Over Cloudlets per cent:0
#Number of transmissions:0
#Over transmissions:0
#======================================
#Total serve time:672.0330502708655
#CPU serve time:672.0330502708655
#Network serve time:0.0
#Average total serve time:22.401101675695518
#Average CPU serve time per workload:22.401101675695518
#Average network serve time per workload:0.0
#Average CPU serve time per Cloudlet:22.401101675695518
#======================================
22.25980000000021
22.319899999999933
22.37999999999991
22.43979999999948
22.519199999998705
22.559800000000052
22.619800000000566
22.679799999999943
22.73979999999233
22.799700000000257
22.739903684996648
22.679551194997885
22.619909147996054
22.55980000000011
22.499799999997094
22.43960000000004
22.379999999990105
22.319799999988845
22.25969999999097
22.199642558998903
22.19999856499635
22.199699999988297
22.199999999988677
22.19989999998802
22.199699999998074
22.219199999987723
22.199799999990546
22.199799999989864
22.199999999991178
22.19964511899866
