Workload_ID,    App_ID,SubmitTime,Pr:CPUTime,ResponseTime,
#======================================
#Number of workloads:51
#Timeout workloads:1380
#Timeout workloads per cent:0
#Over workloads:0
#Over workloads per cent:0
#Number of Cloudlets:51
#Over Cloudlets:0
#Over Cloudlets per cent:0
#Number of transmissions:0
#Over transmissions:0
#======================================
#Total serve time:1071.52365085787
#CPU serve time:1071.52365085787
#Network serve time:0.0
#Average total serve time:21.010267663879805
#Average CPU serve time per workload:21.010267663879805
#Average network serve time per workload:0.0
#Average CPU serve time per Cloudlet:21.010267663879805
#======================================
13.61980000000004
14.039499999999975
14.459799999999888
14.879999999999313
15.299699999999063
15.71990000000011
16.138800000000344
16.55849999999981
16.979999999993538
17.399700000000053
17.81970368499799
18.239942251998286
18.659516178997023
19.079983233996813
19.498899999997548
19.918400000000588
20.3389999999913
20.759299999989707
21.17969999999127
21.599642558998994
21.839998564996677
22.079699999988406
22.319999999988568
22.55989999998792
22.799699999997983
23.039699999987533
23.279799999990473
23.519799999989345
23.759499999990794
23.999645118998387
23.93969071699712
23.879543550998505
23.81998723899801
23.759871486990505
23.699700000025587
23.639999999993506
23.579999999994925
23.51980000001049
23.459899999994832
23.399642560000302
23.33992815899728
23.279760991999865
23.21968315399772
23.15999999999576
23.099700000022494
23.0399999999986
22.979899999992995
22.919699999999466
22.859899999995378
22.799642560000393
22.739768845998697
