Workload_ID,    App_ID,SubmitTime,Pr:CPUTime,ResponseTime,
#======================================
#Number of workloads:49
#Timeout workloads:1382
#Timeout workloads per cent:0
#Over workloads:0
#Over workloads per cent:0
#Number of Cloudlets:49
#Over Cloudlets:0
#Over Cloudlets per cent:0
#Number of transmissions:0
#Over transmissions:0
#======================================
#Total serve time:1057.3659417488711
#CPU serve time:1057.3659417488711
#Network serve time:0.0
#Average total serve time:21.578896770385125
#Average CPU serve time per workload:21.578896770385125
#Average network serve time per workload:0.0
#Average CPU serve time per Cloudlet:21.578896770385125
#======================================
23.279800000000222
23.159899999999965
23.039999999999935
22.919799999999498
22.81919999999866
22.679800000000057
22.559800000000564
22.439799999999934
22.319799999992483
22.199700000000234
22.319903684996802
22.459551194997857
22.55990914799611
22.679800000000114
22.79979999999705
22.93960000000004
23.039999999989732
23.159799999988536
23.279699999990726
23.39964255899872
22.979998564996095
22.55969999998797
22.13999999998873
21.719899999988456
21.319299999998066
20.879699999988134
20.478699999990795
20.03989999999044
19.61969999999178
19.199645118999115
19.31969071699723
19.439729284993746
19.5599872389987
19.699371486990913
19.81830000002219
19.919999999996435
20.039999999996326
20.159700000011526
20.279699999995955
20.399642560000757
20.579928158998882
20.779451845995936
20.9397901849984
21.13959999999679
21.299700000021858
21.479999999998654
21.659899999993286
21.839700000000448
22.01989999999614
