Workload_ID,    App_ID,SubmitTime,Pr:CPUTime,ResponseTime,
#======================================
#Number of workloads:92
#Timeout workloads:1339
#Timeout workloads per cent:0
#Over workloads:0
#Over workloads per cent:0
#Number of Cloudlets:92
#Over Cloudlets:0
#Over Cloudlets per cent:0
#Number of transmissions:0
#Over transmissions:0
#======================================
#Total serve time:976.8798408982817
#CPU serve time:976.8798408982817
#Network serve time:0.0
#Average total serve time:10.618259140198715
#Average CPU serve time per workload:10.618259140198715
#Average network serve time per workload:0.0
#Average CPU serve time per Cloudlet:10.618259140198715
#======================================
8.759700000000294
8.519700000000284
8.298699999999798
8.039699999999499
7.819399999999234
7.5598000000000525
7.319700000000125
7.099299999999744
6.858099999996739
6.600000000000023
6.859499999995705
7.089733754997951
7.3197652909955195
7.559900000000084
7.799699999999007
8.059500000000071
8.279699999995046
8.519799999994575
8.759999999994989
8.999999999998636
9.53969999999299
10.09869999999296
10.619899999992867
11.159899999992376
11.699799999998504
12.239999999991596
12.779699999992317
13.338999999992893
13.87869999999316
14.399999999997817
14.039690716999075
13.679429284996331
13.319655570995792
12.959571486994719
12.599700000016583
12.239999999999782
11.879999999999654
11.5197000000162
11.159699999999248
10.799999999998363
10.619793279000078
10.439651845999833
10.259188501998324
10.07930000000215
9.89920000001257
9.719899999999143
9.539699999998447
9.359700000017256
9.179899999998725
8.999999999998636
9.239600000008522
9.479644165999616
9.719800673999998
9.959621300004983
10.218800000014653
10.439600000002429
10.679700000000139
10.919700000017656
11.159999999999854
11.399999999998272
11.279700000000048
11.159799999997631
11.039711062997412
10.91954963000262
10.799693317015226
10.67971720900232
10.559800000002724
10.459500000002208
10.319800000002033
10.199999999999818
10.679900000037378
11.159900000006019
11.639936187013518
12.119645814023897
12.599816534024285
13.080000000000837
13.559800000024552
14.039900000016132
14.519900000012967
14.999645119999514
14.45991583900286
13.91972472299949
13.379706592013463
12.83959803500602
12.2996799040111
11.75970000002053
11.219700000006014
10.679600000000391
10.139700000015182
9.600000000000364
9.659800000027644
9.719655058005628
