Workload_ID,    App_ID,SubmitTime,Pr:CPUTime,ResponseTime,
#======================================
#Number of workloads:59
#Timeout workloads:1372
#Timeout workloads per cent:0
#Over workloads:0
#Over workloads per cent:0
#Number of Cloudlets:59
#Over Cloudlets:0
#Over Cloudlets per cent:0
#Number of transmissions:0
#Over transmissions:0
#======================================
#Total serve time:1369.8477252918676
#CPU serve time:1369.8477252918676
#Network serve time:0.0
#Average total serve time:23.217758055794366
#Average CPU serve time per workload:23.217758055794366
#Average network serve time per workload:0.0
#Average CPU serve time per Cloudlet:23.217758055794366
#======================================
25.019800000000274
24.839999999999918
24.659799999999933
24.479299999999512
24.29929999999871
24.11980000000011
23.939800000000616
23.759999999999934
23.579799999992247
23.39970000000028
23.399903684996502
23.399609921997694
23.399909147996027
23.39980000000014
23.399799999996958
23.41960000000006
23.39999999998963
23.399799999988318
23.399699999990617
23.39964255899872
23.47949856499622
23.51969999998755
23.579999999988104
23.63989999998762
23.699699999997847
23.759699999987333
23.819799999990437
23.879799999989245
23.939899999990757
23.999645118998387
23.81969071699723
23.639943550998396
23.459987238997883
23.27987148699094
23.099700000025678
22.91999999999416
22.73999999999569
22.559800000011364
22.37989999999536
22.199642560000484
22.379928158998155
22.559968022999783
22.739683153997703
22.91999999999598
23.099700000022494
23.27999999999838
23.459699999993063
23.63969999999881
23.819899999995414
23.99964256000021
23.519768845998442
23.039968024000245
22.559800673996506
22.079721299998255
21.599800000021332
21.119999999995798
20.639799999996285
20.17939999999544
19.679999999998472
