Workload_ID,    App_ID,SubmitTime,Pr:CPUTime,ResponseTime,
#======================================
#Number of workloads:61
#Timeout workloads:1370
#Timeout workloads per cent:0
#Over workloads:0
#Over workloads per cent:0
#Number of Cloudlets:61
#Over Cloudlets:0
#Over Cloudlets per cent:0
#Number of transmissions:0
#Over transmissions:0
#======================================
#Total serve time:2817.6068367408143
#CPU serve time:2817.6068367408143
#Network serve time:0.0
#Average total serve time:46.190276012144494
#Average CPU serve time per workload:46.190276012144494
#Average network serve time per workload:0.0
#Average CPU serve time per Cloudlet:46.190276012144494
#======================================
23.699800000000238
24.59999999999991
25.499799999999937
26.399899999999548
27.31929999999869
28.19980000000021
29.09980000000064
29.999799999999993
30.899699999991753
31.799700000000485
34.139651363998496
36.47979696299751
38.81980914799556
41.15980000000059
43.49969999999655
45.839900000000625
48.1792999999891
50.51999999998611
52.85979999999017
55.19968511799834
54.7195060749973
54.239899999985255
53.75999999998794
53.27969999998572
52.79999999999632
52.31979999998566
51.839699999989534
51.35989999998765
50.87989999999013
50.39974047899955
50.519959044999496
50.639611878998494
50.759755566999274
50.87984684599678
50.999800000029154
51.119699999990644
51.23989999999276
51.35989999999947
51.4799999999932
51.59963280000102
51.35980351800026
51.11982720499918
50.87962979899794
50.639999999993506
50.39970000002677
50.15999999999531
49.919899999990776
49.67979999999534
49.43959999999424
49.19961279999961
49.439603517000705
49.67961440500039
49.919600673995774
50.159989627999494
50.399815913001476
50.63999999999214
50.8797999999947
51.11969999999201
51.35999999999467
51.599937920000684
49.19960607799976
