Workload_ID,    App_ID,SubmitTime,Pr:CPUTime,ResponseTime,
#======================================
#Number of workloads:91
#Timeout workloads:1340
#Timeout workloads per cent:0
#Over workloads:0
#Over workloads per cent:0
#Number of Cloudlets:91
#Over Cloudlets:0
#Over Cloudlets per cent:0
#Number of transmissions:0
#Over transmissions:0
#======================================
#Total serve time:1884.2137343460795
#CPU serve time:1884.2137343460795
#Network serve time:0.0
#Average total serve time:20.7056454323745
#Average CPU serve time per workload:20.7056454323745
#Average network serve time per workload:0.0
#Average CPU serve time per Cloudlet:20.7056454323745
#======================================
17.339800000000096
17.879899999999907
18.41980000000001
18.959599999999398
19.518699999999058
20.039799999999957
20.57980000000049
21.119799999999884
21.659799999992742
22.199700000000234
21.95990368499713
21.719551194997848
21.47990914799641
21.23980000000006
20.99979999999732
20.759599999999978
20.53949999999122
20.298299999989922
20.039899999991803
19.799642558999267
19.799898564997193
19.799799999989318
19.799899999989748
19.79989999998861
19.799699999997983
19.79989999998861
19.799699999990935
19.799899999990657
19.799699999991617
19.799645118999024
19.799690716997475
19.799729284993646
19.799587238998583
19.81937148699126
19.81830000002219
19.799999999996544
19.799999999996544
19.7998000000116
19.799699999996392
19.799642560000848
20.1194281589992
20.399851845995727
20.69979018499862
20.999599999996462
21.299700000021858
21.599999999998545
21.899899999993067
22.19970000000012
22.499899999995705
22.799642560000393
22.499768845998915
22.1995680240002
21.89980067399665
21.59972129999869
21.319400000021233
20.999999999995907
20.69979999999623
20.41939999999613
20.099999999999454
19.79964511999924
20.058730718998504
20.279899999991358
20.51960020899969
20.759857255000043
20.99958055300749
21.239817208999284
21.47979999999916
21.71979999999712
21.959700000012162
22.199547680004798
22.019935840011385
21.83989952900538
21.659836187021938
21.479845814019427
21.299616534030065
21.11989999999514
20.9399999999996
20.759700000014163
20.579800000018622
20.399645120002788
20.519833280008243
20.6398247229954
20.759906592020343
20.879990927001927
20.999727583001913
21.119864238996342
21.240000000013424
21.35979999999381
21.479900000024827
21.599547680004434
21.659738400006972
