Workload_ID,    App_ID,SubmitTime,Pr:CPUTime,ResponseTime,
#======================================
#Number of workloads:99
#Timeout workloads:0
#Timeout workloads per cent:0
#Over workloads:0
#Over workloads per cent:0
#Number of Cloudlets:99
#Over Cloudlets:0
#Over Cloudlets per cent:0
#Number of transmissions:0
#Over transmissions:0
#======================================
#Total serve time:4211881.813499997
#CPU serve time:4211881.813499997
#Network serve time:0.0
#Average total serve time:42544.260742424216
#Average CPU serve time per workload:42544.260742424216
#Average network serve time per workload:0.0
#Average CPU serve time per Cloudlet:42544.260742424216
#======================================
1800.0
1800.0
3480.0
3480.0
5160.0
5160.0
6840.0195
6840.0195
8520.0195
8520.0195
10200.0195
10200.0195
11880.0195
11880.0195
13560.0195
13560.0195
15240.0195
15240.0195
16920.0195
16920.0195
18600.0195
18600.0195
20280.0195
20280.0195
21960.0195
21960.0195
23640.0195
23640.0195
25320.0195
25320.0195
27000.0195
27000.0195
28680.0195
28680.0195
30360.0195
30360.0195
32040.019499999995
32040.019499999995
33720.0195
33720.0195
35400.0195
35400.0195
37080.0195
37080.0195
38760.0195
38760.0195
40440.0195
40440.0195
42120.0195
42120.0195
43800.0195
43800.0195
45480.0195
45480.0195
47160.0195
47160.0195
48840.0195
48840.0195
50520.0195
50520.0195
52200.0195
52200.0195
53880.0195
53880.0195
55560.0195
55560.0195
57240.0195
57240.0195
58920.0195
58920.0195
60600.0195
60600.0195
62280.019499999995
62280.019499999995
63960.019499999995
63960.019499999995
65640.0195
65640.0195
67320.0195
67320.0195
69000.0195
69000.0195
70680.0195
70680.0195
72360.0195
72360.0195
74040.0195
74040.0195
75720.0195
75720.0195
77400.0195
77400.0195
79080.0195
79080.0195
80760.0195
80760.0195
82440.0195
82440.0195
84120.0195
