Workload_ID,    App_ID,SubmitTime,Pr:CPUTime,ResponseTime,
#======================================
#Number of workloads:99
#Timeout workloads:0
#Timeout workloads per cent:0
#Over workloads:0
#Over workloads per cent:0
#Number of Cloudlets:99
#Over Cloudlets:0
#Over Cloudlets per cent:0
#Number of transmissions:0
#Over transmissions:0
#======================================
#Total serve time:911879.9042890752
#CPU serve time:911879.9042890752
#Network serve time:0.0
#Average total serve time:9210.908124132073
#Average CPU serve time per workload:9210.908124132073
#Average network serve time per workload:0.0
#Average CPU serve time per Cloudlet:9210.908124132073
#======================================
480.0
480.0
839.9995137649985
839.9995137649985
1199.9991307729974
1199.9991307729974
1559.999
1559.999
1919.9989999999998
1919.9989999999998
2279.999
2279.999
2639.999
2639.999
2999.999
2999.999
3359.999
3359.999
3719.999
3719.999
4079.999
4079.999
4439.999
4439.999
4799.999
4799.999
5159.999
5159.999
5519.999
5519.999
5879.999
5879.999
6239.999
6239.999
6599.999
6599.999
6959.999
6959.999
7319.999
7319.999
7679.999
7679.999
8039.999
8039.999
8399.999
8399.999
8759.999
8759.999
9119.999
9119.999
9479.999
9479.999
9839.999
9839.999
10199.999
10199.999
10559.999
10559.999
10919.999
10919.999
11279.999
11279.999
11639.999
11639.999
11999.999
11999.999
12359.999
12359.999
12719.999
12719.999
13079.999
13079.999
13439.999
13439.999
13799.999
13799.999
14159.999
14159.999
14519.999
14519.999
14879.999
14879.999
15239.999
15239.999
15599.999
15599.999
15959.999
15959.999
16319.999
16319.999
16679.999
16679.999
17039.999
17039.999
17399.999
17399.999
17759.999
17759.999
18119.999
