Workload_ID,    App_ID,SubmitTime,Pr:CPUTime,ResponseTime,
#======================================
#Number of workloads:99
#Timeout workloads:0
#Timeout workloads per cent:0
#Over workloads:0
#Over workloads per cent:0
#Number of Cloudlets:99
#Over Cloudlets:0
#Over Cloudlets per cent:0
#Number of transmissions:0
#Over transmissions:0
#======================================
#Total serve time:5711881.8050000025
#CPU serve time:5711881.8050000025
#Network serve time:0.0
#Average total serve time:57695.775808080834
#Average CPU serve time per workload:57695.775808080834
#Average network serve time per workload:0.0
#Average CPU serve time per Cloudlet:57695.775808080834
#======================================
2400.0
2400.0
4680.0
4680.0
6960.019
6960.019
9240.019
9240.019
11520.019
11520.019
13800.019
13800.019
16080.019
16080.019
18360.019
18360.019
20640.019
20640.019
22920.019
22920.019
25200.019
25200.019
27480.019
27480.019
29760.019
29760.019
32040.019
32040.019
34320.01900000001
34320.01900000001
36600.019
36600.019
38880.019
38880.019
41160.019
41160.019
43440.019
43440.019
45720.019
45720.019
48000.019
48000.019
50280.019
50280.019
52560.019
52560.019
54840.019
54840.019
57120.019
57120.019
59400.019
59400.019
61680.019
61680.019
63960.019
63960.019
66240.019
66240.019
68520.019
68520.019
70800.019
70800.019
73080.019
73080.019
75360.019
75360.019
77640.019
77640.019
79920.019
79920.019
82200.019
82200.019
84480.019
84480.019
86760.019
86760.019
89040.019
89040.019
91320.019
91320.019
93600.019
93600.019
95880.019
95880.019
98160.019
98160.019
100440.019
100440.019
102720.019
102720.019
105000.019
105000.019
107280.019
107280.019
109560.019
109560.019
111840.019
111840.019
114120.019
