Workload_ID,    App_ID,SubmitTime,Pr:CPUTime,ResponseTime,
#======================================
#Number of workloads:99
#Timeout workloads:0
#Timeout workloads per cent:0
#Over workloads:0
#Over workloads per cent:0
#Number of Cloudlets:99
#Over Cloudlets:0
#Over Cloudlets per cent:0
#Number of transmissions:0
#Over transmissions:0
#======================================
#Total serve time:2711881.7744999984
#CPU serve time:2711881.7744999984
#Network serve time:0.0
#Average total serve time:27392.74519696968
#Average CPU serve time per workload:27392.74519696968
#Average network serve time per workload:0.0
#Average CPU serve time per Cloudlet:27392.74519696968
#======================================
1200.0
1200.0
2280.0
2280.0
3360.0
3360.0
4440.0
4440.0
5520.0195
5520.0195
6600.0195
6600.0195
7680.0195
7680.0195
8760.0195
8760.0195
9840.0195
9840.0195
10920.0195
10920.0195
12000.0195
12000.0195
13080.0195
13080.0195
14160.0195
14160.0195
15240.019499999999
15240.019499999999
16320.019499999999
16320.019499999999
17400.0195
17400.0195
18480.0195
18480.0195
19560.0195
19560.0195
20640.0195
20640.0195
21720.0195
21720.0195
22800.0195
22800.0195
23880.0195
23880.0195
24960.0195
24960.0195
26040.0195
26040.0195
27120.0195
27120.0195
28200.0195
28200.0195
29280.0195
29280.0195
30360.019499999995
30360.019499999995
31440.019499999995
31440.019499999995
32520.019500000002
32520.019500000002
33600.0195
33600.0195
34680.0195
34680.0195
35760.0195
35760.0195
36840.0195
36840.0195
37920.0195
37920.0195
39000.0195
39000.0195
40080.0195
40080.0195
41160.0195
41160.0195
42240.0195
42240.0195
43320.0195
43320.0195
44400.0195
44400.0195
45480.0195
45480.0195
46560.0195
46560.0195
47640.0195
47640.0195
48720.0195
48720.0195
49800.0195
49800.0195
50880.0195
50880.0195
51960.0195
51960.0195
53040.0195
53040.0195
54120.0195
