Workload_ID,    App_ID,SubmitTime,Pr:CPUTime,ResponseTime,
#======================================
#Number of workloads:60
#Timeout workloads:1371
#Timeout workloads per cent:0
#Over workloads:0
#Over workloads per cent:0
#Number of Cloudlets:60
#Over Cloudlets:0
#Over Cloudlets per cent:0
#Number of transmissions:0
#Over transmissions:0
#======================================
#Total serve time:1319.9258022238546
#CPU serve time:1319.9258022238546
#Network serve time:0.0
#Average total serve time:21.998763370397576
#Average CPU serve time per workload:21.998763370397576
#Average network serve time per workload:0.0
#Average CPU serve time per Cloudlet:21.998763370397576
#======================================
22.799800000000218
22.79989999999995
22.799999999999926
22.799799999999493
22.799199999998677
22.79980000000006
22.799800000000573
22.799799999999948
22.799799999992274
22.799700000000257
22.799903684996593
22.79955119499789
22.79968323399703
22.79979999999705
22.799999999999955
22.799999999989723
22.79989999998793
22.799699999990708
22.799642558998812
22.439998564995904
22.07999999998856
21.719999999989113
21.359399999988227
20.999199999997927
20.639299999988452
20.279699999990044
19.9196999999906
19.559699999991608
19.199645118999115
19.499890716996788
19.79972928499319
20.09958723899831
20.399871486992197
20.699500000023818
20.999599999995553
21.29959999999528
21.59990000001335
21.899999999995543
22.199642560000484
22.199928158997864
22.19996802300011
22.19968315399774
22.19979999999714
22.199900000026446
22.199999999998
22.199899999991885
22.199899999999616
22.19979999999714
22.19974256000114
22.25976884599868
22.319568024000546
22.379800673997124
22.439721299998382
22.499600000002374
22.55989999999656
22.61999999999489
22.67979999999534
22.73989999999776
22.799645119998786
22.739730718995816
