Workload_ID,    App_ID,SubmitTime,Pr:CPUTime,ResponseTime,
#======================================
#Number of workloads:89
#Timeout workloads:1342
#Timeout workloads per cent:0
#Over workloads:0
#Over workloads per cent:0
#Number of Cloudlets:89
#Over Cloudlets:0
#Over Cloudlets per cent:0
#Number of transmissions:0
#Over transmissions:0
#======================================
#Total serve time:2088.121160470144
#CPU serve time:2088.121160470144
#Network serve time:0.0
#Average total serve time:23.462035510900492
#Average CPU serve time per workload:23.462035510900492
#Average network serve time per workload:0.0
#Average CPU serve time per Cloudlet:23.462035510900492
#======================================
25.019800000000274
24.839999999999918
24.659799999999933
24.479299999999512
24.29929999999871
24.11980000000011
23.939800000000616
23.759999999999934
23.579799999992247
23.39970000000028
23.399903684996502
23.399609921997694
23.399909147996027
23.399683233997052
23.399799999996958
23.419599999999946
23.399999999989404
23.39989999998761
23.39969999999039
23.39964255899872
23.479498564995765
23.519999999987704
23.57999999998833
23.63979999998719
23.69969999999762
23.759699999987333
23.819799999989527
23.879799999989245
23.93989999999053
23.999645118998387
23.819890716996042
23.639943550998623
23.459987238997655
23.279871486991397
23.099900000026537
22.91999999999416
22.73999999999478
22.55990000001293
22.379999999995107
22.199642560000484
22.3799281589977
22.559968022999783
22.739683153997248
22.919799999996485
23.09990000002699
23.279999999997017
23.459699999991244
23.639899999998306
23.81979999999612
23.99974256000087
23.519768845997987
23.059568024001237
22.55980067399696
22.07972129999871
21.6196000000009
21.11989999999787
20.63999999999669
20.179299999995692
19.679899999998725
14.399999999997817
19.679730718997234
20.159874406993367
20.639600208999582
21.11985725500108
21.599693317027686
22.07981720900125
22.55999999999767
23.03979999999683
23.5197000000162
24.019547680006326
24.25893584001733
24.479999529008637
24.719736187028502
24.959745814018788
25.19961653403425
25.439694490017246
25.679900000042835
25.919900000011694
26.159700000026533
26.399645120006426
26.279933280017758
26.159924646000945
26.039806592025343
25.919694262998746
25.799727583004824
25.6797712699954
25.55999999999949
25.4399999999996
25.31980000000658
