Workload_ID,    App_ID,SubmitTime,Pr:CPUTime,ResponseTime,
#======================================
#Number of workloads:81
#Timeout workloads:1350
#Timeout workloads per cent:0
#Over workloads:0
#Over workloads per cent:0
#Number of Cloudlets:81
#Over Cloudlets:0
#Over Cloudlets per cent:0
#Number of transmissions:0
#Over transmissions:0
#======================================
#Total serve time:2036.6494926920773
#CPU serve time:2036.6494926920773
#Network serve time:0.0
#Average total serve time:25.143820897433052
#Average CPU serve time per workload:25.143820897433052
#Average network serve time per workload:0.0
#Average CPU serve time per Cloudlet:25.143820897433052
#======================================
27.3583000000003
26.519999999999925
25.679799999999943
24.839299999999525
23.99969999999871
23.159800000000075
22.319800000000555
21.479799999999898
20.639799999992874
19.799700000000144
19.919903684997507
20.039942251998355
20.1599091479967
20.279683233996934
20.398299999997448
20.518300000000636
20.639499999990676
20.759399999989
20.879699999991317
20.999642558999085
22.079998564996004
23.159999999987804
24.23899999998821
25.319799999987026
26.399699999997438
27.479799999986653
28.559699999989334
29.639999999989186
30.719899999990048
31.799645118999706
32.999538397999004
34.19954355099708
35.399720690999175
36.59954684599779
37.800000000029286
38.99989999999116
40.19989999999234
41.39940000001161
42.599999999994
43.7992179200005
41.63920793000034
39.47942720499941
37.319629798997994
35.15979999999354
32.99980000003006
30.839999999995143
28.67989999998963
26.519799999998213
24.359299999995983
22.19974256000114
12.239368846000161
23.99906802400119
24.899800673996197
25.79972129999669
26.69960000000492
27.599999999994452
28.49979999999414
29.399999999993724
30.299899999995887
31.199690240000564
28.199633927000832
25.199770583998543
22.199600208998618
19.199964285999158
16.199693317023048
13.198717209001188
10.198200000003453
7.200000000013915
4.218800000022384
1.199999999999818
4.319700000010926
7.440000000008695
10.559936187011772
13.679645814024298
16.799716534028448
19.919899999995323
23.03990000004069
26.17890000001171
29.279900000026828
32.39969024000129
32.399675839003976
