Workload_ID,    App_ID,SubmitTime,Pr:CPUTime,ResponseTime,
#======================================
#Number of workloads:84
#Timeout workloads:1347
#Timeout workloads per cent:0
#Over workloads:0
#Over workloads per cent:0
#Number of Cloudlets:84
#Over Cloudlets:0
#Over Cloudlets per cent:0
#Number of transmissions:0
#Over transmissions:0
#======================================
#Total serve time:1541.6973855631031
#CPU serve time:1541.6973855631031
#Network serve time:0.0
#Average total serve time:18.353540304322657
#Average CPU serve time per workload:18.353540304322657
#Average network serve time per workload:0.0
#Average CPU serve time per Cloudlet:18.353540304322657
#======================================
17.639800000000108
17.879899999999907
18.119799999999998
18.35999999999939
18.599699999999075
18.840000000000032
19.079800000000432
19.319799999999873
19.55999999999301
19.799700000000144
19.499703684997485
19.199942251998323
18.899516178997033
18.299899999997706
17.999800000000505
17.699699999991935
17.399899999989884
17.09989999999243
16.79964255899972
16.739898564997475
16.679199999990715
16.619899999990366
16.55979999998999
16.499399999997877
16.439299999989544
16.379699999990862
16.319699999992054
16.25969999999279
16.19964511899957
16.499890716997925
16.799729284995237
17.09958723899922
17.399871486991742
17.699200000021392
17.999399999997422
18.299499999996442
18.599800000012692
18.89969999999721
19.19964256000094
19.25982815899806
19.319751845995143
19.379888501994174
19.43999999999778
19.499700000022585
19.559699999997065
19.619899999993322
19.67990000000009
19.739399999998568
19.799742560001505
19.73976884599915
19.6797648139991
19.61980067399918
19.559721300000092
19.518800000019382
19.439899999998488
19.37979999999652
19.319899999995414
19.2599999999984
19.19964511999933
19.19973071899767
19.19987440699424
19.199707239999043
19.199964285999158
19.19969331702532
19.199917209000432
19.199999999998454
19.199799999995776
19.199700000011944
19.199047680002877
18.959935840009166
18.71999952900751
18.479736187020535
18.23964581402197
17.999716534029176
17.759899999997288
17.519800000034593
17.279100000013386
17.03980000001775
16.799645120000605
17.039933280007062
17.279424722998556
17.519706592017428
17.759898035002152
17.999727582999185
