Workload_ID,    App_ID,SubmitTime,Pr:CPUTime,ResponseTime,
#======================================
#Number of workloads:69
#Timeout workloads:1362
#Timeout workloads per cent:0
#Over workloads:0
#Over workloads per cent:0
#Number of Cloudlets:69
#Over Cloudlets:0
#Over Cloudlets per cent:0
#Number of transmissions:0
#Over transmissions:0
#======================================
#Total serve time:1120.118589544942
#CPU serve time:1120.118589544942
#Network serve time:0.0
#Average total serve time:16.233602747028147
#Average CPU serve time per workload:16.233602747028147
#Average network serve time per workload:0.0
#Average CPU serve time per Cloudlet:16.233602747028147
#======================================
17.339800000000096
17.279899999999884
17.219799999999964
17.159599999999386
17.1192999999991
17.059200000000146
16.979800000000353
16.91999999999979
16.859999999993647
16.79970000000003
16.759203684998283
16.69944225199822
16.619765290992177
16.559883233996743
16.51869999999792
16.439800000000446
16.379699999992226
16.31999999999016
16.25989999999274
16.199642558999813
16.019898564997675
15.839699999990899
15.659899999991012
15.479799999990519
15.299799999997958
15.119799999990391
14.939799999991465
14.75969999999279
14.599299999992809
14.399999999997817
14.459890716998643
14.519929284995897
14.579655570995556
14.639971486993545
14.699700000017856
14.759899999998197
14.819899999998142
14.879700000014054
14.939699999998993
15.019242560000293
15.239828158999899
15.479651845997068
15.719888501996593
15.959999999999582
16.199700000020584
16.45919999999751
16.67939999999453
16.91950000000088
17.15939999999955
17.41924256000175
17.33976884599997
17.279764814000373
17.219800674000453
17.159321300001466
17.099800000017694
17.039900000000216
16.979799999998704
16.919899999997142
16.859999999999218
16.799645119999695
16.799630718999197
16.799874406996423
16.79979999999341
16.819536866000362
16.819193317023746
16.819117209001433
16.799999999999727
16.79979999999796
16.7997000000114
