Workload_ID,    App_ID,SubmitTime,Pr:CPUTime,ResponseTime,
#======================================
#Number of workloads:70
#Timeout workloads:1361
#Timeout workloads per cent:0
#Over workloads:0
#Over workloads per cent:0
#Number of Cloudlets:70
#Over Cloudlets:0
#Over Cloudlets per cent:0
#Number of transmissions:0
#Over transmissions:0
#======================================
#Total serve time:3625.790468078775
#CPU serve time:3625.790468078775
#Network serve time:0.0
#Average total serve time:51.797006686839644
#Average CPU serve time per workload:51.797006686839644
#Average network serve time per workload:0.0
#Average CPU serve time per Cloudlet:51.797006686839644
#======================================
52.67980000000033
51.959899999999976
51.23980000000006
50.519899999999666
49.79989999999873
49.07990000000035
48.35990000000078
47.63990000000024
46.91969999999117
46.199337916999525
45.89975136399778
45.59971057999769
45.299765120996994
44.999683233997644
44.69969999999637
44.39990000000057
44.09979999998882
43.799799999986135
43.49979999999027
43.19957023899906
44.57973071599713
45.959799999985535
47.33879999998817
48.71999999998525
50.09999999999627
51.47979999998506
52.859899999988784
54.238899999987325
55.61889999998948
56.999543686999914
56.579013757999746
56.15961187899825
55.73894853599927
55.31884684599663
54.900000000001
54.47969999999077
54.05989999999201
53.639800000011746
53.21999999999343
52.799632800000836
38.99850793000087
53.399214825999024
53.699629798996284
53.99979999999414
54.299800000031155
54.599999999994
54.89999999998872
55.199799999994866
55.499999999991815
55.79961279999952
55.67960351700003
55.55961440499914
55.43975297199995
55.31998962799889
55.19981591300211
55.0799999999922
54.959999999993215
54.839999999991505
54.71999999999434
54.59959024000136
54.65960607799934
54.7307730120001
54.77996853799959
54.839632613999584
54.89984888100025
54.95981720899681
55.01989999999569
55.0798999999879
55.14000000000033
55.199943040003745
