Workload_ID,    App_ID,SubmitTime,Pr:CPUTime,ResponseTime,
#======================================
#Number of workloads:74
#Timeout workloads:1357
#Timeout workloads per cent:0
#Over workloads:0
#Over workloads per cent:0
#Number of Cloudlets:74
#Over Cloudlets:0
#Over Cloudlets per cent:0
#Number of transmissions:0
#Over transmissions:0
#======================================
#Total serve time:1932.8358526009924
#CPU serve time:1932.8358526009924
#Network serve time:0.0
#Average total serve time:26.119403413526925
#Average CPU serve time per workload:26.119403413526925
#Average network serve time per workload:0.0
#Average CPU serve time per Cloudlet:26.119403413526925
#======================================
32.39980000000031
31.199999999999932
29.999799999999993
28.799399999999537
27.599299999998664
26.399800000000198
25.199800000000607
23.999999999999943
22.799799999992274
21.59970000000021
22.019903684997075
22.439551194997875
19.199916178996887
23.279683233997048
23.699399999997013
24.118900000000053
24.539899999989302
24.959399999987454
25.398799999990615
25.799642558998585
27.23963071599769
28.6797999999867
30.119799999988118
31.559999999986076
32.99949999999694
34.43979999998601
35.87969999998904
37.31989999998814
38.75989999998933
40.19964511899934
39.17916607599932
38.15954355099666
37.139720690998956
36.11994684599813
35.09950000002891
34.07949999999164
33.05989999999292
32.03970000001118
31.01959999999417
29.999287680000634
28.61910793000061
27.239746496999032
25.859683153996684
24.47979999999643
23.09990000002699
21.71999999999798
20.339899999993577
18.959899999999834
17.579899999999725
16.199242560000584
16.439768845999424
16.67976481400001
16.919800674000726
17.159321300001466
17.399800000017876
17.63989999999967
17.879799999997886
18.119899999996505
18.359999999997854
18.599645119999423
19.319730718997562
20.039474406993577
20.759600208999473
21.479857255000752
22.19969331702805
22.919817209000485
23.639999999997144
24.35979999999563
25.0797000000166
25.79954768000698
27.418935840019913
29.03962017800677
30.65973618703083
32.279421174012896
