Workload_ID,    App_ID,SubmitTime,Pr:CPUTime,ResponseTime,
#======================================
#Number of workloads:71
#Timeout workloads:1360
#Timeout workloads per cent:0
#Over workloads:0
#Over workloads per cent:0
#Number of Cloudlets:71
#Over Cloudlets:0
#Over Cloudlets per cent:0
#Number of transmissions:0
#Over transmissions:0
#======================================
#Total serve time:1902.6901414828912
#CPU serve time:1902.6901414828912
#Network serve time:0.0
#Average total serve time:26.79845269694213
#Average CPU serve time per workload:26.79845269694213
#Average network serve time per workload:0.0
#Average CPU serve time per Cloudlet:26.79845269694213
#======================================
39.71880000000033
38.038899999999984
36.359800000000064
34.67989999999958
32.998899999998685
31.31980000000027
29.639800000000662
27.958999999999946
26.279699999991976
24.599700000000325
25.13951071699887
25.679509921997806
22.55990914799611
26.75968323399718
27.298899999996593
27.838900000000194
28.379299999989144
28.919399999987036
29.459699999990107
29.999685117999206
30.8396307159976
31.679799999986244
32.51979999998821
33.35999999998603
34.19969999999694
35.03979999998592
35.87969999998904
36.71989999998823
37.559899999989284
38.39964511899939
36.839938397998594
35.279543550997005
33.71972069099934
32.15994684599855
30.599900000028356
29.039999999992233
27.478999999993448
25.9198000000124
24.35949999999457
22.799642560000393
22.61992815899748
22.439968022999892
22.259683153997685
22.07979999999725
21.899900000026264
21.71999999999798
21.539899999992485
21.359899999999925
21.179799999998068
20.999742560001323
21.359768845999497
21.719764813999063
22.079800673997397
22.439721299998382
22.799600000002556
23.158899999996265
23.518999999994776
23.878799999994953
24.238899999997102
24.599645119998513
23.75873071899514
22.919770583999707
22.079600208998727
21.23985725500097
20.398693317026755
19.55931720900071
18.71999999999889
17.879799999996976
17.03970000001118
16.19904768000106
16.97943584000859
