Workload_ID,    App_ID,SubmitTime,Pr:CPUTime,ResponseTime,
#======================================
#Number of workloads:63
#Timeout workloads:1368
#Timeout workloads per cent:0
#Over workloads:0
#Over workloads per cent:0
#Number of Cloudlets:63
#Over Cloudlets:0
#Over Cloudlets per cent:0
#Number of transmissions:0
#Over transmissions:0
#======================================
#Total serve time:512.8526014920169
#CPU serve time:512.8526014920169
#Network serve time:0.0
#Average total serve time:8.140517484000268
#Average CPU serve time per workload:8.140517484000268
#Average network serve time per workload:0.0
#Average CPU serve time per Cloudlet:8.140517484000268
#======================================
8.219700000000259
8.039700000000266
7.859699999999805
7.679699999999485
7.499399999999298
7.319800000000043
7.1397000000001185
6.959299999999757
6.779099999996788
6.600000000000023
6.959499999995728
7.319733754997969
7.679765290995192
8.039900000000102
8.399699999998916
8.759500000000116
9.119699999994282
9.479399999993802
9.83949999999436
10.199999999998454
10.019899999992731
9.839699999993172
9.659999999993033
9.479799999993475
9.299299999998766
9.11959999999317
8.958699999993314
8.759999999995443
8.579399999995076
8.399999999998727
8.279299999994237
8.15972928499923
8.039255570997511
7.919571486995437
7.799500000011449
7.6799000000023625
7.55930000000626
7.439500000016324
7.319700000001376
7.199999999998909
7.139800000000378
7.079700000008415
7.019788501999756
6.958500000003369
6.898300000010295
6.858299999999417
6.779199999998127
6.738300000012714
6.659700000002886
6.5999999999989996
6.959400000007463
7.3196866709999995
8.039621300007639
8.399400000012065
8.759500000000571
9.119700000002922
9.479800000017349
9.839700000004996
10.199999999998454
9.779899999998634
9.359999999997854
8.939699999998084
8.519649630001823
