Workload_ID,    App_ID,SubmitTime,Pr:CPUTime,ResponseTime,
#======================================
#Number of workloads:83
#Timeout workloads:1348
#Timeout workloads per cent:0
#Over workloads:0
#Over workloads per cent:0
#Number of Cloudlets:83
#Over Cloudlets:0
#Over Cloudlets per cent:0
#Number of transmissions:0
#Over transmissions:0
#======================================
#Total serve time:3281.4983457419753
#CPU serve time:3281.4983457419753
#Network serve time:0.0
#Average total serve time:39.53612464749368
#Average CPU serve time per workload:39.53612464749368
#Average network serve time per workload:0.0
#Average CPU serve time per Cloudlet:39.53612464749368
#======================================
40.19980000000034
40.199899999999985
40.199800000000096
40.199899999999616
40.199899999998706
40.19940000000025
40.199900000000696
40.19980000000021
40.19929999999147
40.1997000000008
40.13965136399804
40.07971057999748
40.01980914799549
39.95968323399745
39.899699999996415
39.83990000000051
39.779799999988654
39.71979999998621
39.659799999990355
39.59968511799843
39.59963071599759
39.59979999998609
39.59979999998836
39.599999999985585
39.5996999999968
39.599799999985635
39.59969999998907
39.59989999998811
39.599899999989475
39.59964511899943
39.65966607599921
32.63994355099726
39.77932069099893
39.83944684599692
39.90000000000009
39.95979999999099
40.019899999992504
40.07940000001145
40.139999999994416
40.1996876799999
39.959707930000604
39.71942720499919
39.47962979899785
39.239799999993465
38.99980000003052
38.75999999999385
38.51999999998907
38.2797999999957
38.0399999999936
37.79958768000233
37.859748806999505
37.91961440499972
37.979752972000824
38.039689627999905
38.099715913002
38.15999999999303
38.21999999999434
38.27999999999247
38.33999999999514
38.39969023999947
38.63983071899929
38.87927058399737
39.11968130200012
39.35961795799858
39.59989331703218
39.839817208998284
40.079999999996744
40.31949999999051
40.5600000000004
40.79999536000469
40.73998352000581
40.679547858007936
40.61950451601024
40.55954117401325
40.4997508010174
40.43918745901101
40.37980000004609
40.319600000007085
40.25990000002821
40.19969024000329
40.19927583900244
40.1993382640012
40.1996749200016
