Workload_ID,    App_ID,SubmitTime,Pr:CPUTime,ResponseTime,
#======================================
#Number of workloads:99
#Timeout workloads:0
#Timeout workloads per cent:0
#Over workloads:0
#Over workloads per cent:0
#Number of Cloudlets:99
#Over Cloudlets:0
#Over Cloudlets per cent:0
#Number of transmissions:0
#Over transmissions:0
#======================================
#Total serve time:5711881.852500004
#CPU serve time:5711881.852500004
#Network serve time:0.0
#Average total serve time:57695.77628787883
#Average CPU serve time per workload:57695.77628787883
#Average network serve time per workload:0.0
#Average CPU serve time per Cloudlet:57695.77628787883
#======================================
2400.0
2400.0
4680.0
4680.0
6960.0195
6960.0195
9240.0195
9240.0195
11520.0195
11520.0195
13800.0195
13800.0195
16080.019499999999
16080.019499999999
18360.0195
18360.0195
20640.0195
20640.0195
22920.0195
22920.0195
25200.0195
25200.0195
27480.0195
27480.0195
29760.0195
29760.0195
32040.019500000002
32040.019500000002
34320.0195
34320.0195
36600.0195
36600.0195
38880.0195
38880.0195
41160.0195
41160.0195
43440.0195
43440.0195
45720.0195
45720.0195
48000.0195
48000.0195
50280.0195
50280.0195
52560.0195
52560.0195
54840.0195
54840.0195
57120.0195
57120.0195
59400.019499999995
59400.019499999995
61680.019499999995
61680.019499999995
63960.019499999995
63960.019499999995
66240.0195
66240.0195
68520.0195
68520.0195
70800.0195
70800.0195
73080.0195
73080.0195
75360.0195
75360.0195
77640.0195
77640.0195
79920.0195
79920.0195
82200.0195
82200.0195
84480.0195
84480.0195
86760.0195
86760.0195
89040.0195
89040.0195
91320.0195
91320.0195
93600.0195
93600.0195
95880.0195
95880.0195
98160.0195
98160.0195
100440.0195
100440.0195
102720.0195
102720.0195
105000.0195
105000.0195
107280.0195
107280.0195
109560.0195
109560.0195
111840.0195
111840.0195
114120.0195
