Workload_ID,    App_ID,SubmitTime,Pr:CPUTime,ResponseTime,
#======================================
#Number of workloads:91
#Timeout workloads:1340
#Timeout workloads per cent:0
#Over workloads:0
#Over workloads per cent:0
#Number of Cloudlets:91
#Over Cloudlets:0
#Over Cloudlets per cent:0
#Number of transmissions:0
#Over transmissions:0
#======================================
#Total serve time:3916.0561742820128
#CPU serve time:3916.0561742820128
#Network serve time:0.0
#Average total serve time:43.03358433276937
#Average CPU serve time per workload:43.03358433276937
#Average network serve time per workload:0.0
#Average CPU serve time per Cloudlet:43.03358433276937
#======================================
39.119800000000325
39.23989999999998
39.359800000000064
39.47989999999959
39.599899999998684
39.719400000000235
39.83990000000068
39.9598000000002
40.07929999999146
40.1997000000008
40.79965136399801
41.39971057999753
38.339809147995425
42.59968323399755
43.19969999999637
43.79990000000055
44.39979999998877
44.99979999998595
45.59979999999018
46.199885117998974
46.13965327599658
46.07988147199535
46.01962515899618
45.95999999998526
45.89969999999653
45.839799999985416
45.77989999998886
45.719899999987774
45.65989999998942
45.59933535799951
45.53994815599822
45.479984811998065
45.41990072599833
45.35973738199573
45.30000000000064
45.239699999990535
45.17989999999554
45.11980000001131
45.05999999999449
44.99901536000198
45.11952607699868
45.23986273299579
45.359806419994584
45.47919189299455
45.59980000003088
45.71999999999434
45.83999999998923
45.95980000001282
46.079899999991994
46.199620479999794
46.19960160599885
46.19961826299868
46.19987873999844
46.199910144997375
46.199739769999724
46.199976425995374
46.19999999999345
46.19999999999209
46.19999999999436
46.19929279899998
44.759280956999646
43.319727891998355
41.87964380599942
40.439794652994806
38.99982949300738
37.559615110996674
36.119751766996615
34.679199999993216
33.2393000000302
31.799645120001514
32.939978400001564
34.07992464700237
35.219940081005916
36.3599037680051
37.49994042400613
38.63996472499548
39.779800000046635
40.91889999999148
42.059800000039104
43.19999536000887
43.49920672900589
43.79979744600769
44.09972373200799
44.39966038800594
44.69940485600637
44.999700000012126
45.29987817201163
45.59994650100725
45.89980000000651
46.19909280000138
46.139680957001474
