Workload_ID,    App_ID,SubmitTime,Pr:CPUTime,ResponseTime,
#======================================
#Number of workloads:93
#Timeout workloads:1338
#Timeout workloads per cent:0
#Over workloads:0
#Over workloads per cent:0
#Number of Cloudlets:93
#Over Cloudlets:0
#Over Cloudlets per cent:0
#Number of transmissions:0
#Over transmissions:0
#======================================
#Total serve time:2410.2601907562043
#CPU serve time:2410.2601907562043
#Network serve time:0.0
#Average total serve time:25.916776244690368
#Average CPU serve time per workload:25.916776244690368
#Average network serve time per workload:0.0
#Average CPU serve time per Cloudlet:25.916776244690368
#======================================
39.71880000000033
38.038899999999984
36.359800000000064
34.67989999999958
32.998899999998685
31.31980000000027
29.639800000000662
27.958999999999946
26.279699999991976
24.599700000000325
25.13951071699887
25.679509921997806
22.55990914799611
26.75968323399718
27.298899999996593
27.838900000000194
28.379299999989144
28.919399999987036
29.459699999990107
29.999685117999206
30.839901124997596
31.67989999999554
32.51922515899628
33.35999999998603
34.19969999999694
35.03979999998592
35.87969999998904
36.71989999998823
37.559899999989284
38.39997535899897
36.83972624599801
35.27946993299656
33.719900725998514
32.15973738199773
30.59990000002881
29.039999999992233
27.478999999997086
25.9198000000124
24.359499999995023
22.799645119998786
22.61983071899749
22.439768023997203
22.2597869089941
22.079908311993222
21.899900000026264
21.71999999999798
21.539899999992485
21.35990000001766
21.179799999998068
20.99964511999906
21.359713277999617
21.719771844997013
22.07975092999868
22.43974580599479
22.799871442021868
23.158899999996265
23.518999999994776
23.878799999994953
24.238899999997102
24.599047680004787
23.75873327799536
22.91962089999788
22.079857556997013
21.257994652998605
20.398629493001863
19.559467964995747
18.719883878995915
17.879799999996976
17.039700000022094
16.19964512000024
16.97913327900278
17.759772497000085
18.53977878403748
19.319652842020332
20.118143559008786
20.87956472499991
21.65990000004058
22.439699999998993
23.219700000036937
23.99954768000589
24.059838400020453
24.11992911800189
24.1795632160065
24.239645032023873
24.299443559011706
24.359300000019175
24.419909843032656
24.479846501011707
24.539800000005926
24.599947680006153
25.020000000004075
25.439409155002977
25.859912787007488
