Workload_ID,    App_ID,SubmitTime,Pr:CPUTime,ResponseTime,
#======================================
#Number of workloads:81
#Timeout workloads:1350
#Timeout workloads per cent:0
#Over workloads:0
#Over workloads per cent:0
#Number of Cloudlets:81
#Over Cloudlets:0
#Over Cloudlets per cent:0
#Number of transmissions:0
#Over transmissions:0
#======================================
#Total serve time:1488.4164898670615
#CPU serve time:1488.4164898670615
#Network serve time:0.0
#Average total serve time:18.375512220581005
#Average CPU serve time per workload:18.375512220581005
#Average network serve time per workload:0.0
#Average CPU serve time per Cloudlet:18.375512220581005
#======================================
17.639800000000108
17.879899999999907
18.119799999999998
18.35999999999939
18.599699999999075
18.840000000000032
19.079800000000432
19.319799999999873
19.55999999999301
19.799700000000144
19.499703684997485
19.199942251998323
18.899516178997033
18.299899999997706
17.999800000000505
17.699699999991935
17.399899999989884
17.09989999999243
16.79964255899972
16.739901124997687
16.679499999999962
16.619649799990384
16.55979999998999
16.499399999997877
16.439299999989544
16.379699999990862
16.319699999992054
16.25969999999279
16.199242558999686
16.499905596997678
16.799716483994416
17.09983239799317
17.399869053990187
17.699200000021847
17.999399999997422
18.29950000000099
18.599800000012692
18.899699999997665
19.19964511999933
19.25963071899878
19.319767374993717
19.379893939994872
19.439708311993854
19.499700000022585
19.559699999997065
19.619899999993322
19.679900000017824
19.739399999998568
19.79964511999924
19.73971327799927
19.67977184499705
19.61987955999757
19.5597458059965
19.51867144201742
19.439899999998488
19.37979999999652
19.319899999995414
19.2599999999984
19.199047680002423
19.199733277997893
19.199969933993543
19.19995755699847
19.199799867998536
19.19962949300043
19.199667964995115
19.19988387899548
19.199799999995776
19.199700000022858
19.19964512000206
18.959633279003356
18.719772496999212
18.47977878403708
18.239652842021314
17.999643559006472
17.759964725002646
17.519800000035502
17.279099999999744
17.039800000027753
16.799547680001524
17.039938400009305
17.279429118005282
