Workload_ID,    App_ID,SubmitTime,Pr:CPUTime,ResponseTime,
#======================================
#Number of workloads:81
#Timeout workloads:1350
#Timeout workloads per cent:0
#Over workloads:0
#Over workloads per cent:0
#Number of Cloudlets:81
#Over Cloudlets:0
#Over Cloudlets per cent:0
#Number of transmissions:0
#Over transmissions:0
#======================================
#Total serve time:586.266858274201
#CPU serve time:586.266858274201
#Network serve time:0.0
#Average total serve time:7.2378624478296425
#Average CPU serve time per workload:7.2378624478296425
#Average network serve time per workload:0.0
#Average CPU serve time per Cloudlet:7.2378624478296425
#======================================
6.858800000000187
6.4992000000002434
6.119699999999739
5.759699999999697
5.419399999999541
5.058799999999962
4.679700000000082
4.31979999999993
3.97929999999792
3.6000000000000227
3.8397999999976946
4.0992000000002236
4.31989999999746
4.559900000000312
4.7998999999992975
5.059200000000146
5.299399999996922
5.539299999996501
5.759699999996656
5.9999999999990905
5.759699999995746
5.539499999996451
5.29934979999598
5.058199999996759
4.818299999999454
4.559799999996585
4.319699999996828
4.098699999997962
3.839999999997872
3.5999999999994543
4.619899999996733
5.659399999996367
7.679569053994328
8.699900000013713
9.719599999999446
10.740000000004784
11.759700000016437
12.77980000000025
13.799999999997908
13.019708807999905
12.25916737499756
11.459804030993837
10.67986771699725
9.919200000013007
9.119899999999689
8.339699999999539
7.579300000015337
6.779700000003686
5.9999999999990905
6.539900000006583
7.099200000005112
7.619879559999845
8.159641817004285
8.69967144201064
9.239900000000944
9.779999999999745
10.319800000017949
10.860000000006039
11.399999999998272
10.91969999999992
10.439571845999126
9.95988584899942
9.499300000003586
9.01940000001332
8.519546782998077
8.039783438998711
7.559999999999945
7.079800000001342
6.600000000000364
6.599900000022899
6.619300000005751
6.59957878401292
6.599652842020987
6.619079127011901
6.61930000000757
6.599800000009964
6.618300000012823
6.619100000004437
6.600000000000364
6.779900000035013
6.959799999999632
