Workload_ID,    App_ID,SubmitTime,Pr:CPUTime,ResponseTime,
#======================================
#Number of workloads:60
#Timeout workloads:1371
#Timeout workloads per cent:0
#Over workloads:0
#Over workloads per cent:0
#Number of Cloudlets:60
#Over Cloudlets:0
#Over Cloudlets per cent:0
#Number of transmissions:0
#Over transmissions:0
#======================================
#Total serve time:1086.9420608819169
#CPU serve time:1086.9420608819169
#Network serve time:0.0
#Average total serve time:18.115701014698615
#Average CPU serve time per workload:18.115701014698615
#Average network serve time per workload:0.0
#Average CPU serve time per Cloudlet:18.115701014698615
#======================================
20.759800000000183
21.119899999999888
21.47959999999992
21.839799999999457
22.19919999999877
22.559800000000052
22.919800000000578
23.279299999999978
23.639799999992192
23.999700000000303
22.919903684996598
21.839551194997853
20.75990914799661
18.59989999999766
17.519400000000473
16.439699999992172
15.359999999990805
14.279699999993454
13.199999999997999
14.159901124997987
15.119799999997667
16.079649799990875
17.039899999989757
17.99939999999765
18.959299999988843
19.919699999990144
20.87929999999028
21.83999999999105
22.799742558998787
21.719905596996114
20.639449283998374
19.559832397992295
18.47986905398966
17.39920000002121
16.31939999999804
15.239900000002763
14.159700000014709
13.079799999999977
11.999999999998181
11.879383688000416
11.759667374997207
11.639804030993673
11.519867716996487
11.399200000015298
11.279699999999139
11.159799999997631
11.039600000018709
10.919700000004468
10.799999999998363
12.599713278000763
14.399771844997758
16.199879559999772
17.999745805997463
19.79867144201762
21.599899999997433
23.399999999994634
25.199799999993957
26.999899999996614
28.799447679999503
28.439994615000614
